user_id,avg_response_time,total_requests,total_bytes,error_count,success_rate
Anonymous,519.7890647482014,278,13816138,78.0,71.94
user_0001,292.6225,16,1687006,4.0,75.0
user_0002,589.2583333333333,24,1324353,3.0,87.5
user_0003,394.36799999999994,25,1441336,6.0,76.0
user_0004,603.3972413793103,29,1191817,10.0,65.52
user_0005,673.3352777777777,36,2720768,12.0,66.67
user_0006,836.9387999999999,25,1060535,4.0,84.0
user_0007,685.118064516129,31,1323428,6.0,80.65
user_0008,610.6466666666666,27,1146166,8.0,70.37
user_0009,475.1432142857143,28,259098,11.0,60.71
user_0010,502.5548387096774,31,1070498,8.0,74.19
user_0011,612.3920833333333,24,1138875,4.0,83.33
user_0012,650.065,30,973823,7.0,76.67
user_0013,496.20677419354837,31,1117321,9.0,70.97
user_0014,357.125,34,1001351,7.0,79.41
user_0015,268.1513157894737,38,1923781,9.0,76.32
user_0016,293.07961538461535,26,896870,5.0,80.77
user_0017,488.79030303030305,33,1565948,11.0,66.67
user_0018,393.7348148148148,27,1236112,7.0,74.07
user_0019,325.67451612903227,31,1360953,9.0,70.97
user_0020,640.9420000000001,30,1402991,7.0,76.67
user_0021,249.91181818181818,33,2462649,2.0,93.94
user_0022,907.9592,25,1781683,7.0,72.0
user_0023,359.98,32,1637417,6.0,81.25
user_0024,309.1138235294117,34,2402783,9.0,73.53
user_0025,494.81275862068964,29,1814829,7.0,75.86
user_0026,396.83125,40,1295336,10.0,75.0
user_0027,380.76875,32,812266,10.0,68.75
user_0028,383.1923076923077,26,1945647,4.0,84.62
user_0029,322.6954166666667,24,640999,4.0,83.33
user_0030,4205.585,24,1077714,7.0,70.83
user_0031,670.875,22,326277,10.0,54.55
user_0032,323.11333333333334,24,524991,5.0,79.17
user_0033,814.4822222222223,27,1664619,5.0,81.48
user_0034,471.19571428571436,28,2180049,8.0,71.43
user_0035,493.88464285714286,28,1064199,8.0,71.43
user_0036,253.3915789473684,19,1776686,4.0,78.95
user_0037,455.90333333333336,30,1545165,12.0,60.0
user_0038,441.86945945945945,37,2450806,6.0,83.78
user_0039,435.3545454545454,22,1971062,3.0,86.36
user_0040,509.40777777777777,27,1771336,6.0,77.78
user_0041,353.6185,20,859064,4.0,80.0
user_0042,513.5140625,32,1495757,6.0,81.25
user_0043,286.19684210526316,19,1222051,5.0,73.68
user_0044,340.65814814814814,27,605218,4.0,85.19
user_0045,320.42545454545456,22,1550898,4.0,81.82
user_0046,331.09499999999997,24,1870051,4.0,83.33
user_0047,2687.7941666666666,24,2280553,7.0,70.83
user_0048,386.27657142857146,35,2874655,8.0,77.14
user_0049,226.70451612903227,31,1835495,5.0,83.87
user_0050,558.5741379310344,29,1531364,9.0,68.97
user_0051,309.99151515151516,33,2021832,4.0,87.88
user_0052,605.1735714285714,28,1309431,9.0,67.86
user_0053,344.3303125,32,1360977,11.0,65.62
user_0054,859.5015909090909,44,1551541,11.0,75.0
user_0055,343.85833333333335,30,1299191,4.0,86.67
user_0056,454.80428571428575,28,1730755,6.0,78.57
user_0057,261.42758620689654,29,430359,8.0,72.41
user_0058,259.50605263157894,38,2433043,7.0,81.58
user_0059,556.1215151515153,33,1483905,7.0,78.79
user_0060,417.23999999999995,28,1679532,5.0,82.14
user_0061,350.1806896551724,29,736234,7.0,75.86
user_0062,396.78066666666666,30,2414622,5.0,83.33
user_0063,374.11459459459456,37,2491870,7.0,81.08
user_0064,237.22366666666667,30,2580010,10.0,66.67
user_0065,716.6303999999999,25,365495,8.0,68.0
user_0066,383.5456521739131,23,1763633,7.0,69.57
user_0067,638.4748275862069,29,775473,7.0,75.86
user_0068,439.37763157894744,38,1434044,13.0,65.79
user_0069,407.0013333333333,30,1699485,9.0,70.0
user_0070,491.23370370370367,27,671340,8.0,70.37
user_0071,470.85190476190473,42,2928109,12.0,71.43
user_0072,284.2815625,32,509161,6.0,81.25
user_0073,529.8933333333333,24,1094352,11.0,54.17
user_0074,628.7211111111111,27,740665,5.0,81.48
user_0075,410.98409090909087,22,850903,8.0,63.64
user_0076,808.9227586206896,29,1783148,6.0,79.31
user_0077,352.67,26,1406048,7.0,73.08
user_0078,422.7959259259259,27,1180123,7.0,74.07
user_0079,197.40142857142857,35,3917503,8.0,77.14
user_0080,280.745,26,767854,6.0,76.92
user_0081,674.7095652173913,23,1721912,6.0,73.91
user_0082,274.68617021276594,47,1947472,6.0,87.23
user_0083,570.483125,32,158180,8.0,75.0
user_0084,530.9507692307692,26,334496,8.0,69.23
user_0085,207.42973684210526,38,2393070,10.0,73.68
user_0086,318.96774999999997,40,1365366,12.0,70.0
user_0087,336.7220588235294,34,2219032,10.0,70.59
user_0088,530.7181818181818,33,1229383,6.0,81.82
user_0089,749.1303225806452,31,1752752,6.0,80.65
user_0090,299.54324324324324,37,1184478,9.0,75.68
user_0091,230.6416,25,1537705,5.0,80.0
user_0092,278.26310344827584,29,1303706,5.0,82.76
user_0093,317.1584375,32,2131915,7.0,78.12
user_0094,476.62656250000003,32,1883728,3.0,90.62
user_0095,165.69708333333332,24,2408059,6.0,75.0
user_0096,820.7246428571428,28,835668,11.0,60.71
user_0097,464.9170833333333,24,1605152,3.0,87.5
user_0098,310.02206896551724,29,1177419,4.0,86.21
user_0099,539.6125,28,601964,6.0,78.57
user_0100,370.55,35,2011649,3.0,91.43
user_0101,267.58,3,11143,1.0,66.67
user_0102,236.47,2,12036,0.0,100.0
user_0103,92.89333333333333,3,406923,0.0,100.0
user_0104,175.10666666666665,6,18976,1.0,83.33
user_0105,353.3225,4,17949,2.0,50.0
user_0106,667.68,3,15278,0.0,100.0
user_0107,309.9783333333333,6,680047,0.0,100.0
user_0108,56.35,1,2845,0.0,100.0
user_0109,160.752,5,240299,1.0,80.0
user_0110,269.5,2,5963,1.0,50.0
user_0112,290.645,2,1337,1.0,50.0
user_0113,339.45,1,2352,0.0,100.0
user_0114,2483.7433333333333,3,1488,2.0,33.33
user_0115,129.82999999999998,4,663156,0.0,100.0
user_0116,284.635,2,3745,1.0,50.0
user_0117,257.995,2,2085,0.0,100.0
user_0118,351.99749999999995,4,515476,1.0,75.0
user_0119,699.2950000000001,2,6105,0.0,100.0
user_0120,31.060000000000002,2,446224,0.0,100.0
user_0121,226.89714285714285,7,516512,2.0,71.43
user_0122,295.1875,4,8218,0.0,100.0
user_0123,172.39666666666668,3,278365,1.0,66.67
user_0124,812.09625,8,21919,5.0,37.5
user_0125,490.8633333333333,3,11757,0.0,100.0
user_0126,243.6775,4,470182,0.0,100.0
user_0127,179.21,3,558575,1.0,66.67
user_0128,189.485,4,333819,1.0,75.0
user_0129,101.59,2,636289,1.0,50.0
user_0130,435.265,4,124127,1.0,75.0
user_0131,270.73,5,17038,2.0,60.0
user_0132,363.17400000000004,5,29135,1.0,80.0
user_0133,636.9499999999999,3,510201,0.0,100.0
user_0134,159.17000000000002,2,153651,1.0,50.0
user_0135,200.89,1,6162,1.0,0.0
user_0136,1684.2566666666664,6,31786,1.0,83.33
user_0137,237.2,4,6886,2.0,50.0
user_0138,153.06,4,553009,1.0,75.0
user_0139,114.355,2,506236,0.0,100.0
user_0140,462.69,1,2800,0.0,100.0
user_0141,411.16,2,74458,0.0,100.0
user_0142,178.535,4,177100,0.0,100.0
user_0143,2707.4325,4,12652,0.0,100.0
user_0144,339.238,5,415503,0.0,100.0
user_0145,177.535,4,127447,2.0,50.0
user_0146,177.83,3,126364,1.0,66.67
user_0147,313.285,2,2818,2.0,0.0
user_0148,133.7,1,764,1.0,0.0
user_0149,742.2400000000001,3,166407,0.0,100.0
user_0150,1072.67,2,15433,0.0,100.0
user_0151,154.47,2,93621,0.0,100.0
user_0152,598.6166666666667,6,12535,0.0,100.0
user_0153,229.48333333333335,3,12680,0.0,100.0
user_0154,169.55,1,1460,0.0,100.0
user_0155,228.43142857142857,7,24860,1.0,85.71
user_0156,245.93,4,18271,2.0,50.0
user_0157,991.6933333333333,3,8693,1.0,66.67
user_0158,81.0,3,445858,0.0,100.0
user_0159,159.46,4,358144,1.0,75.0
user_0160,522.2775,4,805084,1.0,75.0
user_0161,1990.533333333333,3,511878,1.0,66.67
user_0162,202.11333333333332,3,11198,1.0,66.67
user_0163,554.6,3,13136,1.0,66.67
user_0164,424.8325,4,10293,1.0,75.0
user_0165,95.80000000000001,2,137859,0.0,100.0
user_0167,199.0,1,1542,0.0,100.0
user_0168,253.5625,4,11207,1.0,75.0
user_0169,274.3333333333333,3,18909,0.0,100.0
user_0170,62.94499999999999,2,539838,0.0,100.0
user_0171,318.52000000000004,6,25019,2.0,66.67
user_0172,676.46,2,7061,1.0,50.0
user_0173,254.25333333333333,3,7995,1.0,66.67
user_0174,2775.08,2,3796,1.0,50.0
user_0175,58.17,1,6258,1.0,0.0
user_0176,42.94,1,89337,0.0,100.0
user_0177,229.57000000000002,3,296146,0.0,100.0
user_0178,42.75666666666667,3,268211,1.0,66.67
user_0179,360.18,2,8879,0.0,100.0
user_0180,154.05,1,232,1.0,0.0
user_0181,382.22,1,7796,0.0,100.0
user_0182,295.335,2,11049,0.0,100.0
user_0183,158.71,1,5096,0.0,100.0
user_0184,678.395,2,11366,0.0,100.0
user_0185,356.4533333333333,3,12554,1.0,66.67
user_0187,345.24666666666667,3,12634,0.0,100.0
user_0188,646.56,1,3498,0.0,100.0
user_0190,306.7625,4,386780,2.0,50.0
user_0191,229.89666666666665,3,135747,1.0,66.67
user_0192,226.988,5,424599,1.0,80.0
user_0193,12.58,1,201645,0.0,100.0
user_0194,502.1033333333333,3,321615,2.0,33.33
user_0195,1164.39,1,7518,0.0,100.0
user_0196,369.5833333333333,3,2724,2.0,33.33
user_0197,196.84,3,428794,2.0,33.33
user_0198,222.48,1,5179,0.0,100.0
user_0199,528.87,2,13156,0.0,100.0
user_0200,233.0257142857143,7,434826,1.0,85.71
user_0201,93.25500000000001,2,341466,0.0,100.0
user_0202,219.10999999999999,5,14913,2.0,60.0
user_0203,2124.5925,4,15188,1.0,75.0
user_0204,350.755,2,132645,1.0,50.0
user_0205,352.798,5,257025,1.0,80.0
user_0206,6716.048333333332,6,385752,3.0,50.0
user_0207,1692.518,5,364153,3.0,40.0
user_0208,128.906,5,329292,1.0,80.0
user_0209,498.5466666666667,3,518264,0.0,100.0
user_0210,540.0,2,3038,1.0,50.0
user_0211,526.5833333333334,3,14353,0.0,100.0
user_0212,422.2966666666666,6,26269,1.0,83.33
user_0213,596.8625,4,15960,0.0,100.0
user_0214,167.346,5,18076,2.0,60.0
user_0216,484.59999999999997,2,8036,0.0,100.0
user_0217,458.28333333333336,3,7888,1.0,66.67
user_0218,274.16,1,7334,0.0,100.0
user_0219,344.7833333333333,3,7310,1.0,66.67
user_0220,329.92,2,5859,0.0,100.0
user_0221,82.77333333333333,3,191967,0.0,100.0
user_0223,306.81800000000004,5,257853,0.0,100.0
user_0224,402.00428571428574,7,528270,0.0,100.0
user_0225,365.1875,4,382522,3.0,25.0
user_0226,140.3275,4,489329,3.0,25.0
user_0227,212.105,4,501551,1.0,75.0
user_0228,201.26,2,9664,0.0,100.0
user_0229,943.37,1,1686,0.0,100.0
user_0230,373.89,5,321258,1.0,80.0
user_0231,122.21,2,3042,0.0,100.0
user_0232,389.69,2,6014,1.0,50.0
user_0233,327.948,5,20484,3.0,40.0
user_0234,472.63599999999997,5,325782,1.0,80.0
user_0235,42.565,2,645598,0.0,100.0
user_0237,247.08333333333334,9,1306842,2.0,77.78
user_0238,376.175,2,3909,0.0,100.0
user_0239,683.86,1,8191,0.0,100.0
user_0240,1119.15,1,4073,0.0,100.0
user_0241,172.44333333333336,3,57941,1.0,66.67
user_0242,192.98,1,1715,0.0,100.0
user_0243,486.62,2,2875,1.0,50.0
user_0244,177.15499999999997,2,180494,0.0,100.0
user_0245,62.47,1,66211,0.0,100.0
user_0246,391.145,2,8820,0.0,100.0
user_0247,347.77750000000003,4,479203,0.0,100.0
user_0248,227.675,2,8005,1.0,50.0
user_0249,537.0233333333334,3,188212,2.0,33.33
user_0251,605.6899999999999,2,464024,0.0,100.0
user_0252,189.99333333333334,3,430059,0.0,100.0
user_0253,307.17499999999995,2,9293,0.0,100.0
user_0254,316.53,2,4129,1.0,50.0
user_0255,254.85,1,626,0.0,100.0
user_0256,289.65,1,7076,1.0,0.0
user_0257,1414.7379999999998,5,10552,2.0,60.0
user_0258,411.035,6,60109,2.0,66.67
user_0259,1985.0575,4,3673,2.0,50.0
user_0260,198.13,2,95284,1.0,50.0
user_0261,973.14,1,2159,0.0,100.0
user_0262,192.376,5,314344,0.0,100.0
user_0263,274.02,2,8478,0.0,100.0
user_0264,219.875,4,116651,2.0,50.0
user_0265,290.91999999999996,2,5623,1.0,50.0
user_0266,112.356,5,520210,0.0,100.0
user_0267,356.56,3,10964,1.0,66.67
user_0268,99.50999999999999,3,78879,1.0,66.67
user_0269,324.56399999999996,5,13866,2.0,60.0
user_0270,656.425,2,2278,0.0,100.0
user_0271,1222.9066666666668,3,8562,2.0,33.33
user_0272,2474.2533333333336,3,4715,1.0,66.67
user_0273,457.8,1,6133,0.0,100.0
user_0274,357.235,4,14712,1.0,75.0
user_0275,297.6466666666667,6,20366,2.0,66.67
user_0276,629.9739999999999,5,33454,1.0,80.0
user_0278,329.055,8,261377,2.0,75.0
user_0279,190.23,1,3070,0.0,100.0
user_0280,449.57,2,12610,0.0,100.0
user_0281,237.025,4,12270,0.0,100.0
user_0282,355.5833333333333,9,84891,3.0,66.67
user_0283,1017.51,1,4258,0.0,100.0
user_0284,447.38999999999993,3,15623,0.0,100.0
user_0285,257.3777777777778,9,41082,2.0,77.78
user_0286,362.6283333333334,6,366188,3.0,50.0
user_0287,181.18,8,511068,3.0,62.5
user_0290,284.09749999999997,4,94601,1.0,75.0
user_0291,148.3,4,85906,0.0,100.0
user_0292,234.68,2,12356,0.0,100.0
user_0293,286.8666666666666,3,11536,1.0,66.67
user_0294,206.18,2,227551,0.0,100.0
user_0295,135.195,2,5229,0.0,100.0
user_0296,39.623333333333335,3,370253,1.0,66.67
user_0297,188.5666666666667,3,12888,1.0,66.67
user_0298,189.6825,4,331428,0.0,100.0
user_0299,3403.1549999999997,2,9444,0.0,100.0
user_0300,620.3766666666667,3,8891,0.0,100.0
user_0301,472.55,3,14555,2.0,33.33
user_0302,416.9766666666667,6,29023,2.0,66.67
user_0303,408.89,4,164408,1.0,75.0
user_0304,406.47,4,21633,0.0,100.0
user_0305,520.3466666666667,3,5622,1.0,66.67
user_0306,136.4933333333333,3,390984,0.0,100.0
user_0307,1557.615,4,21235,0.0,100.0
user_0308,187.385,2,10976,0.0,100.0
user_0309,221.98,4,37884,4.0,0.0
user_0310,184.505,2,8991,0.0,100.0
user_0311,274.78,2,6764,1.0,50.0
user_0313,880.2566666666667,6,26256,1.0,83.33
user_0314,2790.545,2,6546,0.0,100.0
user_0315,538.4250000000001,6,399715,1.0,83.33
user_0316,365.4575,4,25229,0.0,100.0
user_0317,367.84666666666664,6,20772,2.0,66.67
user_0319,316.08666666666664,3,2269,2.0,33.33
user_0320,527.7866666666666,3,9862,0.0,100.0
user_0321,442.85,2,4303,0.0,100.0
user_0322,385.06,2,6924,1.0,50.0
user_0323,216.18,2,235962,0.0,100.0
user_0324,398.25,1,8178,0.0,100.0
user_0325,435.7866666666667,3,13080,1.0,66.67
user_0326,383.49,1,6859,0.0,100.0
user_0327,314.42,1,3803,0.0,100.0
user_0328,316.33166666666665,6,493832,1.0,83.33
user_0329,1447.05,2,5855,1.0,50.0
user_0330,175.89,2,393855,0.0,100.0
user_0331,287.46799999999996,5,497381,1.0,80.0
user_0332,102.03999999999999,2,236051,0.0,100.0
user_0333,392.03000000000003,2,262888,0.0,100.0
user_0334,191.256,5,23358,1.0,80.0
user_0335,146.16500000000002,2,1780,1.0,50.0
user_0336,377.822,5,24383,3.0,40.0
user_0337,152.15,1,5421,0.0,100.0
user_0338,169.878,5,343115,0.0,100.0
user_0339,199.93,1,7945,0.0,100.0
user_0340,315.08,8,444507,3.0,62.5
user_0341,343.63199999999995,5,11796,3.0,40.0
user_0342,679.49,2,2308,1.0,50.0
user_0343,270.7,1,3293,0.0,100.0
user_0344,228.98666666666668,3,478640,0.0,100.0
user_0345,87.57,1,7330,1.0,0.0
user_0346,165.815,2,448391,0.0,100.0
user_0347,855.64,1,4312,0.0,100.0
user_0348,169.4,3,10223,0.0,100.0
user_0349,174.29,2,24787,1.0,50.0
user_0350,299.03000000000003,6,31070,0.0,100.0
user_0351,61.44,1,265951,1.0,0.0
user_0352,480.4875,4,119506,0.0,100.0
user_0353,371.825,2,10637,0.0,100.0
user_0354,259.41,3,18960,1.0,66.67
user_0355,285.672,5,21494,2.0,60.0
user_0356,237.79000000000002,2,7920,0.0,100.0
user_0357,505.735,4,16188,1.0,75.0
user_0358,356.658,5,20004,2.0,60.0
user_0359,282.36,2,4442,0.0,100.0
user_0360,194.08333333333334,3,6569,0.0,100.0
user_0361,399.75500000000005,4,16995,0.0,100.0
user_0362,313.54999999999995,2,309662,1.0,50.0
user_0363,123.25,1,2133,0.0,100.0
user_0364,247.78,2,26395,1.0,50.0
user_0365,231.515,2,8089,2.0,0.0
user_0366,311.78200000000004,5,28224,1.0,80.0
user_0367,107.09,4,118995,0.0,100.0
user_0368,122.38,3,512329,1.0,66.67
user_0369,351.434,5,128295,2.0,60.0
user_0370,242.75,1,237475,1.0,0.0
user_0371,205.04,1,7079,0.0,100.0
user_0372,207.358,5,396194,1.0,80.0
user_0373,31.1,1,457193,0.0,100.0
user_0374,228.0725,4,181984,0.0,100.0
user_0375,279.052,5,505650,3.0,40.0
user_0376,154.0775,4,63497,0.0,100.0
user_0377,107.565,2,341302,0.0,100.0
user_0378,339.52333333333337,3,17852,0.0,100.0
user_0379,211.00666666666666,3,8730,1.0,66.67
user_0380,293.29285714285714,7,765077,1.0,85.71
user_0381,270.02799999999996,5,135569,2.0,60.0
user_0382,412.98,1,1320,1.0,0.0
user_0383,195.13,6,533112,2.0,66.67
user_0384,160.31,2,23773,0.0,100.0
user_0385,535.825,4,15661,0.0,100.0
user_0386,408.64625,8,128529,1.0,87.5
user_0388,420.97,3,294958,0.0,100.0
user_0389,378.435,4,20302,0.0,100.0
user_0390,393.67499999999995,2,8928,0.0,100.0
user_0391,899.3414285714287,7,31428,0.0,100.0
user_0392,255.33666666666667,3,80920,1.0,66.67
user_0393,366.145,2,8403,0.0,100.0
user_0394,162.71428571428572,7,161471,0.0,100.0
user_0395,332.45000000000005,2,455050,1.0,50.0
user_0396,357.77333333333337,3,335870,1.0,66.67
user_0397,377.6875,4,16187,1.0,75.0
user_0398,703.53,2,15799,0.0,100.0
user_0399,384.50750000000005,4,301864,2.0,50.0
user_0400,733.515,2,11007,0.0,100.0
user_0401,433.16499999999996,4,23080,0.0,100.0
user_0402,238.495,4,10833,1.0,75.0
user_0403,451.45750000000004,4,14371,0.0,100.0
user_0405,346.74333333333334,3,12686,1.0,66.67
user_0406,750.7800000000001,3,45220,1.0,66.67
user_0407,338.93,3,9637,2.0,33.33
user_0408,308.83,1,57891,1.0,0.0
user_0409,258.97333333333336,6,23159,3.0,50.0
user_0410,330.84,2,10314,0.0,100.0
user_0411,136.89,1,3885,0.0,100.0
user_0412,75.4,1,489954,0.0,100.0
user_0413,182.35666666666665,3,211181,0.0,100.0
user_0414,213.8875,4,22601,1.0,75.0
user_0415,240.42000000000002,2,48862,1.0,50.0
user_0416,764.6166666666667,3,378764,1.0,66.67
user_0417,500.525,2,7352,0.0,100.0
user_0418,300.81666666666666,3,12402,1.0,66.67
user_0419,731.0299999999999,6,641235,2.0,66.67
user_0420,134.255,6,303180,1.0,83.33
user_0421,286.642,5,262299,0.0,100.0
user_0422,298.67,1,679,1.0,0.0
user_0423,70.575,2,280359,0.0,100.0
user_0424,433.40333333333336,3,14456,0.0,100.0
user_0425,206.37,1,5271,0.0,100.0
user_0426,355.82,1,1337,1.0,0.0
user_0427,11018.06,1,5500,0.0,100.0
user_0428,565.32,1,3136,0.0,100.0
user_0429,379.56666666666666,3,7583,2.0,33.33
user_0430,23.65,1,350887,0.0,100.0
user_0431,276.07,2,5076,0.0,100.0
user_0432,574.197,10,433039,1.0,90.0
user_0433,365.895,2,8565,0.0,100.0
user_0434,293.5175,4,10850,1.0,75.0
user_0435,310.62857142857143,7,30856,1.0,85.71
user_0436,81.10249999999999,4,499382,0.0,100.0
user_0437,173.39,1,754,0.0,100.0
user_0438,1638.6999999999998,4,346584,2.0,50.0
user_0439,205.218,5,477409,0.0,100.0
user_0440,143.75,2,9209,0.0,100.0
user_0441,240.33,1,4118,0.0,100.0
user_0442,417.64142857142855,7,28437,1.0,85.71
user_0443,417.59999999999997,2,2093,1.0,50.0
user_0444,573.655,2,11947,0.0,100.0
user_0445,96.71333333333332,3,510549,0.0,100.0
user_0446,156.22333333333333,6,39848,2.0,66.67
user_0447,132.59,1,623,0.0,100.0
user_0448,496.63,4,283365,0.0,100.0
user_0449,136.73250000000002,4,618449,0.0,100.0
user_0450,701.9725,4,11899,2.0,50.0
user_0451,3672.275,2,1584,2.0,0.0
user_0452,340.774,5,162326,0.0,100.0
user_0453,345.47,1,3718,0.0,100.0
user_0454,64.655,2,4856,0.0,100.0
user_0455,97.44500000000001,2,70877,1.0,50.0
user_0456,281.758,5,223322,1.0,80.0
user_0457,308.66,4,8918,0.0,100.0
user_0458,198.155,2,9408,0.0,100.0
user_0459,2546.955,2,7388,1.0,50.0
user_0460,239.74333333333334,3,14728,1.0,66.67
user_0461,1342.18,4,13500,1.0,75.0
user_0464,786.74,1,3973,0.0,100.0
user_0465,172.22,2,10701,1.0,50.0
user_0466,134.74,4,708938,1.0,75.0
user_0467,218.97,3,195629,2.0,33.33
user_0468,177.25,1,5631,1.0,0.0
user_0469,2325.733333333333,3,7046,2.0,33.33
user_0471,109.56,3,158133,1.0,66.67
user_0472,373.6266666666667,6,46544,1.0,83.33
user_0473,494.93499999999995,2,10120,1.0,50.0
user_0474,465.51250000000005,4,10314,0.0,100.0
user_0475,273.03,2,9241,0.0,100.0
user_0476,343.5325,4,357347,1.0,75.0
user_0477,240.766,5,400523,1.0,80.0
user_0478,304.086,5,1053806,2.0,60.0
user_0479,149.59333333333333,3,968648,0.0,100.0
user_0481,413.3733333333334,3,11451,1.0,66.67
user_0482,352.07,2,1608,2.0,0.0
user_0483,290.75,1,7707,1.0,0.0
user_0484,299.77666666666664,3,20303,0.0,100.0
user_0485,55.945,2,691760,0.0,100.0
user_0486,255.695,4,61687,2.0,50.0
user_0487,941.5450000000001,4,24234,0.0,100.0
user_0488,700.3883333333333,6,343593,0.0,100.0
user_0489,169.98000000000002,2,7865,0.0,100.0
user_0490,1285.66,2,5000,0.0,100.0
user_0491,228.36,2,9109,0.0,100.0
user_0492,142.27666666666667,3,319872,0.0,100.0
user_0493,832.0933333333334,6,261522,0.0,100.0
user_0494,279.948,5,267273,1.0,80.0
user_0495,259.25,2,5644,0.0,100.0
user_0496,378.46,1,7048,0.0,100.0
user_0497,1192.6257142857144,7,402117,2.0,71.43
user_0498,695.49,2,5388,0.0,100.0
user_0499,2141.8050000000003,4,505712,2.0,50.0
user_0500,338.35333333333335,3,190286,0.0,100.0
user_0501,247.89000000000001,4,644507,0.0,100.0
user_0502,865.2533333333332,3,12660,0.0,100.0
user_0503,187.145,2,172513,1.0,50.0
user_0504,149.48250000000002,4,52892,1.0,75.0
user_0505,221.61555555555555,9,319374,4.0,55.56
user_0506,68.792,5,913037,0.0,100.0
user_0507,1194.7685714285712,7,452146,2.0,71.43
user_0508,184.32666666666668,3,7730,0.0,100.0
user_0509,24.05,1,418477,0.0,100.0
user_0510,224.9,3,8028,2.0,33.33
user_0511,231.845,2,574018,1.0,50.0
user_0512,125.67,1,750,0.0,100.0
user_0513,253.7,1,7571,0.0,100.0
user_0514,1873.2300000000002,3,12712,1.0,66.67
user_0515,702.635,2,10725,0.0,100.0
user_0516,733.17,5,21580,2.0,60.0
user_0517,1925.2033333333331,3,719105,1.0,66.67
user_0518,292.66499999999996,2,7558,0.0,100.0
user_0519,80.11333333333333,3,839547,0.0,100.0
user_0520,673.4775,4,20279,0.0,100.0
user_0521,742.254,5,9950,0.0,100.0
user_0522,393.53999999999996,2,12389,0.0,100.0
user_0523,162.535,4,385310,3.0,25.0
user_0524,178.7725,4,910814,0.0,100.0
user_0525,166.09,1,3333,1.0,0.0
user_0526,349.62999999999994,3,6902,2.0,33.33
user_0527,256.235,2,445862,0.0,100.0
user_0528,2483.44,3,2684,2.0,33.33
user_0529,358.765,2,4668,0.0,100.0
user_0530,2019.5,4,15651,1.0,75.0
user_0531,154.3,2,6978,0.0,100.0
user_0532,1171.55,4,355290,2.0,50.0
user_0533,210.73000000000002,5,406273,2.0,60.0
user_0534,246.635,4,15058,0.0,100.0
user_0535,264.75333333333333,3,6209,1.0,66.67
user_0536,158.23,1,3531,0.0,100.0
user_0537,492.6575,4,17530,0.0,100.0
user_0538,425.09000000000003,4,11625,2.0,50.0
user_0539,340.855,2,5641,0.0,100.0
user_0540,308.38142857142856,7,303044,2.0,71.43
user_0541,225.71666666666667,3,259560,0.0,100.0
user_0542,215.84,1,2461,0.0,100.0
user_0543,291.56,1,7319,0.0,100.0
user_0544,320.17333333333335,3,15567,0.0,100.0
user_0545,141.6,3,24880,0.0,100.0
user_0546,179.29999999999998,2,65112,0.0,100.0
user_0547,155.26333333333335,3,7808,0.0,100.0
user_0548,269.54,2,10792,0.0,100.0
user_0549,2733.3633333333332,3,9313,2.0,33.33
user_0550,386.9666666666667,6,24660,0.0,100.0
user_0551,129.81,4,506679,1.0,75.0
user_0552,195.90333333333334,3,6149,2.0,33.33
user_0553,149.44,1,1654,0.0,100.0
user_0554,272.7925,4,16609,1.0,75.0
user_0555,355.01,3,9808,2.0,33.33
user_0556,708.5199999999999,6,24086,1.0,83.33
user_0557,81.61,3,226590,0.0,100.0
user_0558,7548.570000000001,2,1531,1.0,50.0
user_0559,275.745,2,6092,0.0,100.0
user_0560,312.235,4,18037,1.0,75.0
user_0561,366.398,5,53531,1.0,80.0
user_0562,307.506,5,16178,2.0,60.0
user_0563,375.3875,4,324930,0.0,100.0
user_0564,3486.1,2,1993,1.0,50.0
user_0565,145.58,6,1426509,2.0,66.67
user_0566,238.1675,4,301826,1.0,75.0
user_0567,252.2975,4,657044,1.0,75.0
user_0568,36.15,1,340957,0.0,100.0
user_0569,260.325,2,8349,1.0,50.0
user_0570,286.45,1,2515,0.0,100.0
user_0571,205.948,5,24517,0.0,100.0
user_0572,383.83500000000004,2,10385,0.0,100.0
user_0573,259.23,3,11206,1.0,66.67
user_0574,325.78999999999996,6,282641,3.0,50.0
user_0576,565.55,3,9755,0.0,100.0
user_0577,146.54999999999998,3,760398,0.0,100.0
user_0578,343.8333333333333,3,8561,1.0,66.67
user_0579,241.915,2,10436,1.0,50.0
user_0580,127.2225,4,365640,0.0,100.0
user_0581,3257.18,1,1163,1.0,0.0
user_0582,227.988,5,81477,1.0,80.0
user_0583,202.98000000000002,2,8886,0.0,100.0
user_0584,150.315,4,504487,0.0,100.0
user_0585,190.774,5,376780,2.0,60.0
user_0586,468.005,2,5728,0.0,100.0
user_0587,1628.278,5,17361,2.0,60.0
user_0588,413.09666666666664,3,312872,2.0,33.33
user_0589,299.948,5,412449,3.0,40.0
user_0590,788.76,2,2908,0.0,100.0
user_0591,264.53499999999997,2,8896,0.0,100.0
user_0592,516.7466666666667,3,15477,0.0,100.0
user_0593,542.3199999999999,2,9340,0.0,100.0
user_0594,162.54999999999998,3,14153,0.0,100.0
user_0595,273.956,5,104209,1.0,80.0
user_0596,118.445,2,10306,0.0,100.0
user_0597,1298.26,4,104084,3.0,25.0
user_0598,185.535,2,480327,0.0,100.0
user_0599,322.09,3,476288,0.0,100.0
user_0600,546.9549999999999,2,352251,1.0,50.0
user_0601,375.0566666666667,3,13771,1.0,66.67
user_0602,396.04,2,32139,0.0,100.0
user_0603,342.71333333333337,3,326860,0.0,100.0
user_0604,427.43666666666667,3,7271,1.0,66.67
user_0605,199.9466666666667,3,20023,1.0,66.67
user_0606,258.93,3,177879,2.0,33.33
user_0607,287.23,1,5752,0.0,100.0
user_0608,304.98199999999997,5,19146,1.0,80.0
user_0610,47.879999999999995,2,390982,0.0,100.0
user_0611,1012.7700000000001,5,17676,3.0,40.0
user_0612,208.67999999999998,3,14233,0.0,100.0
user_0613,203.478,5,480648,0.0,100.0
user_0614,318.23333333333335,3,480715,0.0,100.0
user_0615,459.33555555555563,9,998625,3.0,66.67
user_0616,311.77500000000003,2,1810,1.0,50.0
user_0617,440.976,5,76578,2.0,60.0
user_0618,47.16,1,509051,0.0,100.0
user_0620,332.375,2,12374,0.0,100.0
user_0621,271.5825,4,423792,1.0,75.0
user_0622,197.695,2,420048,1.0,50.0
user_0623,230.30666666666664,3,10472,0.0,100.0
user_0624,139.6175,4,103962,1.0,75.0
user_0625,263.29333333333335,3,15256,0.0,100.0
user_0626,193.73000000000002,3,19254,1.0,66.67
user_0628,403.73,8,391975,1.0,87.5
user_0629,54.88,1,3885,1.0,0.0
user_0630,334.3666666666667,3,16308,0.0,100.0
user_0631,71.88666666666667,3,952201,0.0,100.0
user_0632,331.18499999999995,2,92653,0.0,100.0
user_0633,231.43400000000003,5,115508,1.0,80.0
user_0634,330.9916666666667,6,295939,1.0,83.33
user_0635,228.86400000000003,5,486421,1.0,80.0
user_0636,42.33,1,378316,0.0,100.0
user_0637,175.0716666666667,6,401003,2.0,66.67
user_0639,113.11000000000001,3,9317,1.0,66.67
user_0640,1144.475,2,4617,0.0,100.0
user_0641,555.1899999999999,3,10081,0.0,100.0
user_0643,615.435,2,7951,0.0,100.0
user_0644,338.45,1,8067,0.0,100.0
user_0645,600.684,5,614273,1.0,80.0
user_0646,284.26,3,4510,0.0,100.0
user_0647,92.07,4,386887,0.0,100.0
user_0648,818.1975,4,501879,0.0,100.0
user_0649,378.884,5,607937,2.0,60.0
user_0650,343.594,5,27770,2.0,60.0
user_0651,29.73,1,441842,0.0,100.0
user_0652,247.255,2,6992,0.0,100.0
user_0654,351.955,4,21790,1.0,75.0
user_0655,64.13499999999999,2,154057,0.0,100.0
user_0656,292.435,6,224454,0.0,100.0
user_0657,2259.8666666666663,3,413401,1.0,66.67
user_0658,220.85999999999999,3,222481,2.0,33.33
user_0659,262.1766666666667,3,14862,0.0,100.0
user_0660,263.985,4,18194,1.0,75.0
user_0661,3739.8199999999997,2,3004,1.0,50.0
user_0662,329.4166666666667,3,431779,1.0,66.67
user_0663,649.2925,4,20079,0.0,100.0
user_0664,604.0250000000001,2,6435,0.0,100.0
user_0665,215.12,2,15735,0.0,100.0
user_0666,208.14000000000001,2,448464,1.0,50.0
user_0667,279.2,4,11602,2.0,50.0
user_0668,234.67166666666665,6,1076513,2.0,66.67
user_0669,93.695,2,421005,0.0,100.0
user_0670,357.04499999999996,2,7578,0.0,100.0
user_0671,192.95666666666668,3,5435,1.0,66.67
user_0672,171.5233333333333,3,11017,0.0,100.0
user_0673,119.255,2,10304,0.0,100.0
user_0674,192.5533333333333,6,348147,0.0,100.0
user_0675,452.08,4,19473,1.0,75.0
user_0676,41.61,1,332038,0.0,100.0
user_0677,265.8566666666666,3,10702,1.0,66.67
user_0678,388.91999999999996,5,16087,0.0,100.0
user_0679,335.385,2,13491,0.0,100.0
user_0680,1578.8366666666668,3,15628,2.0,33.33
user_0681,347.67,1,7670,0.0,100.0
user_0682,182.745,4,8370,2.0,50.0
user_0683,141.31,3,64692,0.0,100.0
user_0684,262.55333333333334,3,10850,0.0,100.0
user_0685,151.39000000000001,3,170157,2.0,33.33
user_0686,219.67000000000002,2,9325,0.0,100.0
user_0687,326.856,5,28437,0.0,100.0
user_0688,226.84,3,15445,0.0,100.0
user_0689,444.84,1,4648,0.0,100.0
user_0690,350.4,1,517,1.0,0.0
user_0691,360.55,1,3571,0.0,100.0
user_0692,180.87666666666667,6,59753,0.0,100.0
user_0693,187.86,2,9118,0.0,100.0
user_0694,2946.6666666666665,3,218188,1.0,66.67
user_0695,233.4666666666667,3,9550,1.0,66.67
user_0698,3437.056666666667,3,14339,2.0,33.33
user_0699,246.64666666666668,3,490263,1.0,66.67
user_0700,221.1933333333333,3,10400,2.0,33.33
user_0702,1623.055,4,651171,2.0,50.0
user_0703,557.9783333333334,6,524567,0.0,100.0
user_0704,189.715,2,125926,1.0,50.0
user_0705,265.65,5,715477,2.0,60.0
user_0706,204.2725,4,427377,0.0,100.0
user_0707,669.9649999999999,2,7736,0.0,100.0
user_0708,98.14333333333333,3,436280,0.0,100.0
user_0710,185.99,7,283802,1.0,85.71
user_0711,1751.4675000000002,4,8808,0.0,100.0
user_0712,206.25,3,14809,0.0,100.0
user_0713,359.14,4,10159,3.0,25.0
user_0714,153.32666666666668,3,11182,0.0,100.0
user_0715,343.33166666666665,6,30045,1.0,83.33
user_0716,408.07666666666665,3,13044,1.0,66.67
user_0717,203.32666666666668,3,9215,2.0,33.33
user_0718,382.978,5,37087,1.0,80.0
user_0719,203.26999999999998,3,15710,0.0,100.0
user_0720,193.41,4,162257,3.0,25.0
user_0721,211.55,1,2590,0.0,100.0
user_0722,230.525,2,278563,0.0,100.0
user_0723,157.22666666666666,3,14451,1.0,66.67
user_0724,201.78,3,105758,0.0,100.0
user_0725,374.59,5,327933,1.0,80.0
user_0726,207.00333333333333,3,238781,1.0,66.67
user_0727,627.35,2,8922,0.0,100.0
user_0728,192.91500000000002,2,4823,0.0,100.0
user_0729,1216.102,5,298506,1.0,80.0
user_0730,322.5733333333333,6,507232,2.0,66.67
user_0731,179.336,5,199164,1.0,80.0
user_0732,118.5675,4,259900,1.0,75.0
user_0733,135.27,2,187162,0.0,100.0
user_0734,247.86333333333334,3,200991,1.0,66.67
user_0735,158.54,2,310655,0.0,100.0
user_0736,162.41,2,6301,0.0,100.0
user_0737,240.48,3,11295,1.0,66.67
user_0738,238.33,1,4293,0.0,100.0
user_0739,341.145,6,429946,1.0,83.33
user_0740,178.3,1,3763,0.0,100.0
user_0741,143.78333333333333,3,466937,1.0,66.67
user_0742,244.68,4,186524,0.0,100.0
user_0743,142.125,2,135232,1.0,50.0
user_0744,197.98399999999998,5,66648,1.0,80.0
user_0745,199.6425,4,12573,0.0,100.0
user_0746,117.1375,4,738964,1.0,75.0
user_0747,94.77666666666666,6,1507499,1.0,83.33
user_0748,304.31,1,6623,0.0,100.0
user_0749,184.7375,4,14806,1.0,75.0
user_0750,303.938,5,316134,1.0,80.0
user_0751,262.6133333333333,3,9533,0.0,100.0
user_0753,291.02,1,4277,0.0,100.0
user_0754,203.47333333333333,3,297135,0.0,100.0
user_0755,163.245,2,473327,0.0,100.0
user_0756,756.6266666666667,3,8671,0.0,100.0
user_0757,292.75,3,468262,1.0,66.67
user_0758,342.37000000000006,3,9386,1.0,66.67
user_0759,381.08000000000004,2,7890,0.0,100.0
user_0760,262.74333333333334,3,16938,0.0,100.0
user_0761,2208.7666666666664,3,53392,1.0,66.67
user_0762,1239.7633333333333,3,362338,1.0,66.67
user_0763,476.3766666666667,3,14008,0.0,100.0
user_0764,276.12,2,7376,0.0,100.0
user_0765,226.39749999999998,4,19765,1.0,75.0
user_0766,269.8,1,6599,0.0,100.0
user_0767,224.785,4,175448,1.0,75.0
user_0768,164.965,2,1406,1.0,50.0
user_0769,3098.4133333333334,3,15737,1.0,66.67
user_0770,224.69,4,15412,1.0,75.0
user_0771,424.13800000000003,5,26830,0.0,100.0
user_0772,276.8925,4,128883,0.0,100.0
user_0773,38.26,1,64505,0.0,100.0
user_0774,207.42,1,3788,1.0,0.0
user_0775,590.885,2,12538,0.0,100.0
user_0776,215.56166666666664,6,513500,2.0,66.67
user_0777,786.455,2,5889,1.0,50.0
user_0778,432.2125,4,13517,0.0,100.0
user_0779,324.89000000000004,3,6353,2.0,33.33
user_0780,208.6775,4,16267,0.0,100.0
user_0781,515.29,2,9116,0.0,100.0
user_0782,324.8575,4,572278,1.0,75.0
user_0783,472.81,3,6510,0.0,100.0
user_0784,156.9466666666667,3,11114,1.0,66.67
user_0785,465.66,3,6464,2.0,33.33
user_0786,488.42,2,11408,0.0,100.0
user_0787,332.776,5,471396,1.0,80.0
user_0788,417.1366666666667,6,221832,3.0,50.0
user_0789,676.8266666666667,3,6778,2.0,33.33
user_0790,212.26333333333332,3,9351,1.0,66.67
user_0791,208.21,2,76811,1.0,50.0
user_0792,302.355,4,304045,0.0,100.0
user_0793,261.12285714285713,7,547587,2.0,71.43
user_0795,462.7625,4,6178,1.0,75.0
user_0796,81.4875,4,658430,0.0,100.0
user_0797,254.22,1,5207,1.0,0.0
user_0798,330.11,1,2884,0.0,100.0
user_0799,400.93499999999995,4,447761,0.0,100.0
user_0800,533.3149999999999,2,6490,0.0,100.0
user_0801,216.92666666666665,3,443680,1.0,66.67
user_0802,15.03,1,149064,0.0,100.0
user_0804,440.4,4,12294,1.0,75.0
user_0805,133.96,2,347299,1.0,50.0
user_0806,475.67500000000007,4,17295,1.0,75.0
user_0807,224.265,4,188955,1.0,75.0
user_0808,355.01,1,3076,0.0,100.0
user_0809,292.775,4,14589,0.0,100.0
user_0810,263.8566666666667,3,9634,1.0,66.67
user_0811,431.6766666666667,3,11052,1.0,66.67
user_0812,528.73,2,4421,0.0,100.0
user_0814,304.21,1,5380,0.0,100.0
user_0815,221.51,3,16446,1.0,66.67
user_0816,97.85,2,10243,0.0,100.0
user_0817,548.588,5,10319,2.0,60.0
user_0818,218.7,1,802,1.0,0.0
user_0819,309.66,1,5723,0.0,100.0
user_0820,120.67999999999999,3,345559,0.0,100.0
user_0821,293.9025,4,15499,0.0,100.0
user_0822,342.3833333333334,3,12777,1.0,66.67
user_0823,156.94333333333333,6,824634,1.0,83.33
user_0824,624.15,3,11489,2.0,33.33
user_0825,217.14,3,358273,1.0,66.67
user_0826,99.67,2,486594,1.0,50.0
user_0827,167.9625,4,62582,0.0,100.0
user_0828,292.662,5,29633,0.0,100.0
user_0830,57.58,1,7502,0.0,100.0
user_0831,296.25888888888886,9,193454,3.0,66.67
user_0832,266.2075,12,535149,2.0,83.33
user_0833,354.364,5,459128,0.0,100.0
user_0834,207.615,2,111370,0.0,100.0
user_0835,230.78,1,4202,0.0,100.0
user_0836,169.25,1,7962,0.0,100.0
user_0837,175.29,4,432068,2.0,50.0
user_0838,81.02,1,7808,0.0,100.0
user_0839,390.65333333333336,3,15378,1.0,66.67
user_0840,165.57,2,69162,0.0,100.0
user_0841,318.644,5,15807,1.0,80.0
user_0842,504.86800000000005,5,17050,2.0,60.0
user_0843,270.61333333333334,6,25904,1.0,83.33
user_0844,200.05333333333337,3,45558,1.0,66.67
user_0845,249.0775,4,12548,1.0,75.0
user_0846,198.615,6,180781,3.0,50.0
user_0847,258.146,5,141509,1.0,80.0
user_0848,459.6375,4,20354,0.0,100.0
user_0849,196.49,1,3862,0.0,100.0
user_0850,90.52,1,4905,0.0,100.0
user_0851,352.6,2,10399,0.0,100.0
user_0852,262.48,2,515662,1.0,50.0
user_0853,301.87333333333333,3,12932,1.0,66.67
user_0855,74.81,1,286389,0.0,100.0
user_0856,434.1066666666666,3,8514,0.0,100.0
user_0857,936.3059999999999,5,14593,3.0,40.0
user_0858,155.31166666666667,6,1334624,1.0,83.33
user_0859,229.73333333333335,3,11028,3.0,0.0
user_0860,711.1425,4,29852,1.0,75.0
user_0861,233.76250000000002,4,411768,1.0,75.0
user_0862,260.726,5,23603,0.0,100.0
user_0863,288.704,5,349790,3.0,40.0
user_0864,54.89,1,2309,0.0,100.0
user_0865,242.45,1,5822,0.0,100.0
user_0866,145.625,2,337945,1.0,50.0
user_0867,164.13,2,15174,1.0,50.0
user_0868,186.33571428571426,7,505911,2.0,71.43
user_0869,385.7633333333333,3,12814,0.0,100.0
user_0870,318.02,2,419696,0.0,100.0
user_0871,106.26666666666667,3,262911,1.0,66.67
user_0872,756.25,2,12804,0.0,100.0
user_0873,1069.9325,4,14737,1.0,75.0
user_0874,76.135,2,160935,0.0,100.0
user_0875,214.67333333333332,3,120631,1.0,66.67
user_0876,114.7325,4,160096,2.0,50.0
user_0877,143.752,5,355302,1.0,80.0
user_0878,32.63,1,393292,0.0,100.0
user_0879,474.535,4,9189,2.0,50.0
user_0880,493.37750000000005,4,14478,1.0,75.0
user_0881,486.73333333333335,6,160166,1.0,83.33
user_0882,1182.53,1,6287,0.0,100.0
user_0883,173.98,2,419602,1.0,50.0
user_0884,307.99666666666667,6,353440,1.0,83.33
user_0885,158.25,2,11666,0.0,100.0
user_0886,386.392,5,152213,2.0,60.0
user_0888,219.51400000000004,5,482352,1.0,80.0
user_0889,215.71666666666667,6,146694,2.0,66.67
user_0890,340.145,4,5524,1.0,75.0
user_0891,299.0,1,414780,1.0,0.0
user_0892,420.295,2,12544,0.0,100.0
user_0893,241.59,2,4741,0.0,100.0
user_0895,201.435,4,16835,0.0,100.0
user_0896,230.13333333333335,3,10218,1.0,66.67
user_0897,656.85,5,496379,1.0,80.0
user_0898,421.24500000000006,6,357569,1.0,83.33
user_0899,309.99333333333334,3,491491,1.0,66.67
user_0900,106.29666666666667,3,156465,1.0,66.67
user_0901,371.404,5,375217,2.0,60.0
user_0902,263.905,2,9543,0.0,100.0
user_0903,63.86,1,264691,1.0,0.0
user_0904,791.534,5,14180,1.0,80.0
user_0905,122.245,2,367970,0.0,100.0
user_0906,247.0,2,6858,1.0,50.0
user_0907,383.7516666666667,6,490423,3.0,50.0
user_0908,128.02333333333334,3,48143,1.0,66.67
user_0909,543.3285714285714,7,750564,4.0,42.86
user_0910,460.255,2,12139,0.0,100.0
user_0911,240.4925,4,319281,2.0,50.0
user_0912,306.1466666666667,3,106763,2.0,33.33
user_0913,384.37000000000006,3,10918,1.0,66.67
user_0914,377.215,4,24268,2.0,50.0
user_0915,2482.6966666666667,3,420134,2.0,33.33
user_0916,73.845,2,93008,0.0,100.0
user_0917,290.36,1,1731,0.0,100.0
user_0918,378.53,1,2819,0.0,100.0
user_0919,196.635,2,184104,1.0,50.0
user_0920,1100.06,2,6222,0.0,100.0
user_0921,1182.874,5,71690,1.0,80.0
user_0922,912.5625,4,15627,0.0,100.0
user_0923,951.54,3,235083,3.0,0.0
user_0924,307.865,2,5668,1.0,50.0
user_0925,124.84,2,4123,0.0,100.0
user_0926,126.34666666666668,3,19718,0.0,100.0
user_0927,158.848,5,253095,0.0,100.0
user_0928,883.31,1,1181,0.0,100.0
user_0929,231.32125000000002,8,360283,2.0,75.0
user_0930,393.87,4,6510,1.0,75.0
user_0931,277.37333333333333,3,14986,0.0,100.0
user_0932,182.76,2,11911,1.0,50.0
user_0933,217.0575,4,199245,2.0,50.0
user_0934,191.53,2,12830,0.0,100.0
user_0935,232.92,2,5372,0.0,100.0
user_0936,189.578,5,522946,1.0,80.0
user_0937,611.8,1,4786,0.0,100.0
user_0938,325.31,1,1071,0.0,100.0
user_0939,862.0944444444444,9,295551,3.0,66.67
user_0940,2689.3166666666666,3,103279,1.0,66.67
user_0941,131.2433333333333,3,401319,1.0,66.67
user_0942,314.29,1,5795,0.0,100.0
user_0943,304.805,6,12064,4.0,33.33
user_0944,54.43,1,204992,0.0,100.0
user_0945,305.09,1,8053,1.0,0.0
user_0946,531.6533333333333,3,11977,1.0,66.67
user_0947,3539.4925,4,692106,1.0,75.0
user_0948,400.78499999999997,2,5679,0.0,100.0
user_0949,57.89,2,124566,1.0,50.0
user_0950,152.14000000000001,2,15519,0.0,100.0
user_0951,137.815,2,286484,0.0,100.0
user_0952,84.18333333333334,3,14517,0.0,100.0
user_0953,580.972,5,536181,1.0,80.0
user_0954,348.38800000000003,5,21410,1.0,80.0
user_0955,223.63,3,188028,1.0,66.67
user_0956,75.49,1,84500,0.0,100.0
user_0957,128.405,2,154726,0.0,100.0
user_0958,92.86333333333333,3,618047,0.0,100.0
user_0959,234.02666666666667,3,555986,1.0,66.67
user_0960,345.53,1,2362,0.0,100.0
user_0961,344.5,4,286832,1.0,75.0
user_0962,296.37,1,7715,0.0,100.0
user_0963,15.16,1,305813,1.0,0.0
user_0964,329.348,5,14900,2.0,60.0
user_0965,184.545,2,6670,1.0,50.0
user_0966,244.39666666666665,6,23692,1.0,83.33
user_0967,223.84499999999997,2,7678,1.0,50.0
user_0968,1505.3100000000002,6,394455,1.0,83.33
user_0969,273.8985714285714,7,213487,1.0,85.71
user_0970,423.302,5,476780,0.0,100.0
user_0971,430.33,3,11094,0.0,100.0
user_0972,523.49,4,12061,0.0,100.0
user_0973,208.71333333333334,3,478181,0.0,100.0
user_0974,128.43,3,253368,0.0,100.0
user_0975,345.66,1,3308,0.0,100.0
user_0976,673.0,4,18822,1.0,75.0
user_0977,342.39,1,614,1.0,0.0
user_0978,282.65333333333336,3,9227,1.0,66.67
user_0980,175.56833333333336,6,802071,1.0,83.33
user_0981,6864.64,1,942,1.0,0.0
user_0982,526.7,2,5922,1.0,50.0
user_0983,221.40499999999997,2,8178,0.0,100.0
user_0984,2752.6433333333334,3,8907,1.0,66.67
user_0985,332.9675,4,15601,1.0,75.0
user_0986,847.995,2,7863,0.0,100.0
user_0987,164.89000000000001,5,27201,2.0,60.0
user_0988,66.16,1,1560,1.0,0.0
user_0989,75.75333333333333,3,667208,1.0,66.67
user_0990,3194.405,2,300335,2.0,0.0
user_0991,1984.518,5,19450,2.0,60.0
user_0992,335.70500000000004,4,446465,2.0,50.0
user_0993,475.62,1,5100,1.0,0.0
user_0994,206.1625,4,19036,0.0,100.0
user_0995,446.205,4,121259,0.0,100.0
user_0996,285.4,4,16305,1.0,75.0
user_0997,293.20666666666665,3,5457,3.0,0.0
user_0998,48.27,1,248253,0.0,100.0
user_0999,335.34999999999997,4,16978,0.0,100.0
user_1000,223.34333333333333,3,361083,0.0,100.0
user_1001,273.88,1,829,1.0,0.0
user_1002,306.24333333333334,3,10184,1.0,66.67
user_1003,350.29,2,2735,1.0,50.0
user_1004,92.46000000000001,2,303194,0.0,100.0
user_1005,242.94,1,3096,0.0,100.0
user_1006,434.858,5,416034,0.0,100.0
user_1007,205.31,2,6877,0.0,100.0
user_1009,112.9,4,514271,0.0,100.0
user_1010,317.20500000000004,2,8573,0.0,100.0
user_1012,124.00333333333333,6,237052,0.0,100.0
user_1013,310.61,2,8025,1.0,50.0
user_1014,379.58500000000004,2,10751,0.0,100.0
user_1015,585.75,2,12419,0.0,100.0
user_1016,323.544,5,825295,1.0,80.0
user_1017,859.895,6,18907,0.0,100.0
user_1018,240.1625,4,887607,2.0,50.0
user_1019,201.42,1,3090,0.0,100.0
user_1020,149.565,4,170016,0.0,100.0
user_1021,240.04666666666665,3,13138,2.0,33.33
user_1022,156.2075,4,652565,0.0,100.0
user_1023,360.76250000000005,4,16253,2.0,50.0
user_1024,1518.93,6,393351,2.0,66.67
user_1025,175.61,2,7789,2.0,0.0
user_1026,623.805,2,11678,0.0,100.0
user_1027,329.84,2,343825,1.0,50.0
user_1029,430.4225,4,17990,0.0,100.0
user_1030,199.51,1,5690,0.0,100.0
user_1031,106.32000000000001,2,293827,0.0,100.0
user_1032,242.6,1,927,0.0,100.0
user_1033,222.3,4,383694,2.0,50.0
user_1034,311.08,1,872,0.0,100.0
user_1035,157.82999999999998,4,23935,0.0,100.0
user_1036,72.81,1,964,0.0,100.0
user_1037,199.81,1,3541,0.0,100.0
user_1038,689.9375,4,47471,1.0,75.0
user_1039,177.118,5,434496,2.0,60.0
user_1041,1279.55,3,7644,2.0,33.33
user_1042,140.53,1,1766,0.0,100.0
user_1043,376.525,2,8394,0.0,100.0
user_1044,279.73,2,7781,0.0,100.0
user_1045,503.6166666666666,3,15184,1.0,66.67
user_1046,98.13,2,656190,1.0,50.0
user_1047,214.625,8,395188,3.0,62.5
user_1048,316.455,4,410758,0.0,100.0
user_1049,467.75333333333333,3,17144,0.0,100.0
user_1050,122.875,2,503100,0.0,100.0
user_1052,148.515,2,512852,0.0,100.0
user_1053,173.86,1,520,0.0,100.0
user_1054,193.12,2,36500,1.0,50.0
user_1055,358.41,6,328357,3.0,50.0
user_1056,265.91,3,17075,1.0,66.67
user_1057,103.465,2,214985,0.0,100.0
user_1058,255.9766666666667,3,10717,2.0,33.33
user_1059,221.2,2,511249,1.0,50.0
user_1060,581.43,2,8711,1.0,50.0
user_1061,330.95500000000004,2,7488,0.0,100.0
user_1062,149.622,5,202219,2.0,60.0
user_1063,246.31,1,4418,0.0,100.0
user_1064,359.7977777777778,9,32892,3.0,66.67
user_1065,302.768,5,528679,0.0,100.0
user_1066,101.00333333333333,3,80541,1.0,66.67
user_1067,542.24,3,6467,0.0,100.0
user_1068,243.70499999999998,2,8935,0.0,100.0
user_1069,289.97,2,3255,0.0,100.0
user_1070,254.2975,4,294981,0.0,100.0
user_1071,331.3225,4,16372,0.0,100.0
user_1072,153.85,3,382518,1.0,66.67
user_1073,223.57,1,5038,0.0,100.0
user_1074,232.95499999999998,2,4984,1.0,50.0
user_1075,340.74,1,4391,0.0,100.0
user_1076,177.97,2,481377,0.0,100.0
user_1077,255.885,2,8508,1.0,50.0
user_1078,338.66333333333336,3,296550,2.0,33.33
user_1079,162.48,2,292067,1.0,50.0
user_1080,15.59,1,406894,0.0,100.0
user_1081,443.72799999999995,5,91577,2.0,60.0
user_1082,301.77000000000004,4,230729,1.0,75.0
user_1083,555.202,5,563791,1.0,80.0
user_1084,193.51799999999997,5,211650,0.0,100.0
user_1085,149.8725,4,495152,0.0,100.0
user_1086,295.71,1,971,0.0,100.0
user_1087,214.65,3,15854,0.0,100.0
user_1088,363.42499999999995,2,1355,1.0,50.0
user_1089,154.34,3,54986,0.0,100.0
user_1090,214.12571428571428,7,922253,2.0,71.43
user_1091,234.44,2,507286,0.0,100.0
user_1092,54.675000000000004,2,332259,1.0,50.0
user_1093,501.6433333333334,3,17611,2.0,33.33
user_1094,219.94333333333336,3,12139,0.0,100.0
user_1095,828.3966666666666,6,346479,0.0,100.0
user_1096,300.41499999999996,4,6441,1.0,75.0
user_1097,468.63249999999994,4,370893,0.0,100.0
user_1098,233.1,4,14117,2.0,50.0
user_1099,263.85166666666663,6,373882,1.0,83.33
user_1100,334.6233333333333,3,37182,0.0,100.0
user_1101,612.8033333333333,3,481176,0.0,100.0
user_1102,190.83999999999997,2,276597,0.0,100.0
user_1103,484.73,1,121044,1.0,0.0
user_1104,212.055,2,53737,0.0,100.0
user_1105,242.195,2,2992,1.0,50.0
user_1106,185.47000000000003,2,3385,0.0,100.0
user_1107,1687.7459999999999,5,225559,3.0,40.0
user_1109,155.99,2,6386,0.0,100.0
user_1110,220.79000000000002,5,333869,1.0,80.0
user_1111,410.18,2,138878,0.0,100.0
user_1112,242.86,1,777,1.0,0.0
user_1113,274.276,5,198168,0.0,100.0
user_1114,172.435,2,8703,0.0,100.0
user_1115,213.69,2,2507,1.0,50.0
user_1116,144.875,2,7736,0.0,100.0
user_1117,426.2966666666666,3,218539,0.0,100.0
user_1118,45.74,1,415267,0.0,100.0
user_1120,359.20799999999997,5,24307,0.0,100.0
user_1121,139.70000000000002,2,129324,0.0,100.0
user_1122,219.66,2,8302,0.0,100.0
user_1123,335.03,1,1444,0.0,100.0
user_1124,3671.58,1,1122,1.0,0.0
user_1125,265.78499999999997,2,8151,1.0,50.0
user_1126,195.56,1,6450,0.0,100.0
user_1129,351.40333333333336,3,12323,1.0,66.67
user_1130,2094.6325,4,15121,1.0,75.0
user_1131,2003.39,3,617177,2.0,33.33
user_1132,1664.9775,4,16302,3.0,25.0
user_1133,440.196,5,14758,1.0,80.0
user_1134,166.315,4,15671,1.0,75.0
user_1135,104.4,1,8006,0.0,100.0
user_1136,148.40333333333334,3,8552,0.0,100.0
user_1137,843.86,2,6756,0.0,100.0
user_1138,470.43,3,209299,0.0,100.0
user_1139,196.5075,4,60841,2.0,50.0
user_1140,230.08499999999998,4,112875,1.0,75.0
user_1141,269.705,2,6753,0.0,100.0
user_1142,384.85249999999996,4,21137,0.0,100.0
user_1143,126.7025,4,370873,0.0,100.0
user_1144,2072.4075,4,10563,1.0,75.0
user_1145,67.3,1,158773,0.0,100.0
user_1146,190.345,2,4838,1.0,50.0
user_1147,328.8,4,351049,0.0,100.0
user_1148,349.4925,4,149198,3.0,25.0
user_1149,1986.3925,4,426564,2.0,50.0
user_1150,195.04,1,419836,1.0,0.0
user_1152,95.54666666666667,3,103860,1.0,66.67
user_1153,251.72500000000002,2,12830,1.0,50.0
user_1154,188.53857142857143,7,246162,2.0,71.43
user_1155,1275.7425,4,13676,3.0,25.0
user_1156,178.21333333333334,3,368693,0.0,100.0
user_1157,264.6466666666667,3,194497,1.0,66.67
user_1158,1404.6866666666667,6,437708,1.0,83.33
user_1159,277.07,4,11378,0.0,100.0
user_1160,16.17,1,96707,0.0,100.0
user_1161,366.91,3,15140,1.0,66.67
user_1163,367.124,5,34171,1.0,80.0
user_1164,1955.3733333333332,3,13631,0.0,100.0
user_1165,297.036,5,705972,2.0,60.0
user_1166,226.18666666666664,3,573390,1.0,66.67
user_1167,86.13,1,2826,0.0,100.0
user_1168,3926.05,2,3955,1.0,50.0
user_1169,285.5625,4,18748,0.0,100.0
user_1170,42.99,1,369536,0.0,100.0
user_1171,526.1366666666667,6,31402,1.0,83.33
user_1172,297.69,1,2101,0.0,100.0
user_1173,208.23000000000002,2,7513,0.0,100.0
user_1174,189.17333333333332,3,168802,1.0,66.67
user_1175,731.755,2,231652,1.0,50.0
user_1176,408.6366666666666,6,477750,1.0,83.33
user_1177,259.17333333333335,3,12899,1.0,66.67
user_1178,682.3050000000001,2,11148,1.0,50.0
user_1179,261.57,3,8921,1.0,66.67
user_1180,237.70499999999998,2,14890,0.0,100.0
user_1181,136.932,5,553854,1.0,80.0
user_1182,1372.2275,4,9287,1.0,75.0
user_1183,247.408,5,343218,1.0,80.0
user_1184,278.25,1,664,1.0,0.0
user_1185,2664.1499999999996,3,8609,1.0,66.67
user_1186,449.1133333333333,3,9587,0.0,100.0
user_1187,37.93,1,64385,1.0,0.0
user_1188,479.416,5,1119760,1.0,80.0
user_1189,140.98000000000002,3,12147,0.0,100.0
user_1190,460.13500000000005,6,217644,1.0,83.33
user_1191,172.805,2,348487,0.0,100.0
user_1192,475.8,1,5104,0.0,100.0
user_1193,47.165,2,132723,1.0,50.0
user_1194,2497.4533333333334,3,244813,2.0,33.33
user_1195,370.92,4,65380,0.0,100.0
user_1196,296.27000000000004,5,488420,1.0,80.0
user_1197,476.71,2,12126,0.0,100.0
user_1198,127.3775,4,523645,0.0,100.0
user_1199,85.9,1,7628,0.0,100.0
user_1200,248.14000000000001,3,12604,2.0,33.33
user_1201,391.65,1,7336,0.0,100.0
user_1202,198.78,3,13634,1.0,66.67
user_1203,1177.07,4,7849,1.0,75.0
user_1204,358.24,5,349819,0.0,100.0
user_1205,696.14,1,3283,0.0,100.0
user_1206,123.84499999999998,4,392207,1.0,75.0
user_1207,144.225,2,4686,1.0,50.0
user_1208,559.5749999999999,6,16177,4.0,33.33
user_1209,638.4449999999999,2,7457,0.0,100.0
user_1210,39.39,1,320348,1.0,0.0
user_1212,368.27799999999996,5,225799,1.0,80.0
user_1213,289.25333333333333,3,10843,1.0,66.67
user_1214,2240.9425,4,245226,1.0,75.0
user_1215,309.028,5,17591,3.0,40.0
user_1216,108.015,2,114735,0.0,100.0
user_1217,544.2333333333333,3,20380,0.0,100.0
user_1218,170.43,2,68734,0.0,100.0
user_1219,293.025,6,489214,3.0,50.0
user_1220,277.0933333333333,3,372244,1.0,66.67
user_1221,145.98499999999999,2,6664,0.0,100.0
user_1222,319.6166666666667,3,234534,2.0,33.33
user_1223,226.99777777777777,9,545730,1.0,88.89
user_1224,154.91333333333333,3,384685,1.0,66.67
user_1225,413.2,1,2365,1.0,0.0
user_1226,463.47333333333336,3,19708,0.0,100.0
user_1227,403.1433333333334,3,8257,2.0,33.33
user_1228,192.01999999999998,4,429508,0.0,100.0
user_1229,167.48499999999999,4,297448,0.0,100.0
user_1230,638.53,2,9892,0.0,100.0
user_1231,450.03,2,9559,0.0,100.0
user_1232,185.00666666666666,3,368260,1.0,66.67
user_1233,1180.68,1,3088,1.0,0.0
user_1234,287.15,2,7167,0.0,100.0
user_1235,129.7625,4,756093,0.0,100.0
user_1236,229.97000000000003,5,467684,0.0,100.0
user_1238,568.27,5,25641,0.0,100.0
user_1239,324.675,2,5611,0.0,100.0
user_1240,4120.915,4,25961,0.0,100.0
user_1241,264.0975,4,219319,2.0,50.0
user_1242,88.31,2,203796,1.0,50.0
user_1243,98.89,1,2386,1.0,0.0
user_1244,226.209,10,811369,2.0,80.0
user_1245,662.33,1,7359,0.0,100.0
user_1246,278.55333333333334,3,15035,0.0,100.0
user_1247,86.73333333333333,3,814968,0.0,100.0
user_1248,3759.23,2,15595,1.0,50.0
user_1249,453.9166666666667,3,12653,1.0,66.67
user_1251,257.0133333333333,3,13785,2.0,33.33
user_1252,146.43,6,275759,0.0,100.0
user_1253,1042.696,5,361849,2.0,60.0
user_1254,118.775,2,356073,1.0,50.0
user_1255,186.54999999999998,6,629352,1.0,83.33
user_1256,3826.24,2,1363,2.0,0.0
user_1257,162.845,2,14034,0.0,100.0
user_1258,292.78000000000003,3,367069,1.0,66.67
user_1259,728.14,1,7358,0.0,100.0
user_1260,29.22,1,497998,0.0,100.0
user_1261,225.34333333333333,3,9958,1.0,66.67
user_1262,163.34750000000003,4,13570,0.0,100.0
user_1263,395.634,5,712070,2.0,60.0
user_1264,234.65666666666667,3,54405,0.0,100.0
user_1265,326.24249999999995,4,10892,1.0,75.0
user_1266,1177.5066666666667,3,11777,0.0,100.0
user_1267,54.69,2,160728,1.0,50.0
user_1268,860.96,3,8564,0.0,100.0
user_1269,299.11666666666673,3,15232,0.0,100.0
user_1270,290.3066666666667,3,9402,1.0,66.67
user_1271,375.73,2,7695,0.0,100.0
user_1272,195.408,5,311680,2.0,60.0
user_1273,178.94500000000002,2,397778,1.0,50.0
user_1274,52.56333333333333,3,689244,0.0,100.0
user_1275,342.4475,4,11173,1.0,75.0
user_1276,285.255,6,96604,3.0,50.0
user_1277,77.67,1,148170,0.0,100.0
user_1278,240.4575,4,13576,2.0,50.0
user_1279,435.95666666666665,3,7160,2.0,33.33
user_1280,365.7911111111111,9,266173,2.0,77.78
user_1281,70.92,1,6245,0.0,100.0
user_1282,325.855,2,67131,1.0,50.0
user_1283,2494.6766666666667,3,16985,0.0,100.0
user_1284,320.13,3,17158,1.0,66.67
user_1285,259.78499999999997,2,66894,1.0,50.0
user_1286,2163.693333333333,3,428370,0.0,100.0
user_1287,229.4,2,847,1.0,50.0
user_1288,460.2133333333333,3,15693,0.0,100.0
user_1289,214.72000000000003,2,13981,0.0,100.0
user_1290,177.77,1,6880,0.0,100.0
user_1291,175.6875,4,188710,0.0,100.0
user_1292,689.0583333333334,6,14414,4.0,33.33
user_1293,251.02999999999997,6,24366,1.0,83.33
user_1294,305.3566666666667,3,16567,1.0,66.67
user_1295,242.77999999999997,2,210428,1.0,50.0
user_1296,80.19333333333333,3,424878,2.0,33.33
user_1297,186.37,5,120390,0.0,100.0
user_1298,144.9933333333333,6,948130,1.0,83.33
user_1299,45.66,1,8755,0.0,100.0
user_1300,389.24,1,5211,0.0,100.0
user_1301,478.555,4,411255,1.0,75.0
user_1302,247.61333333333334,3,358068,0.0,100.0
user_1303,306.22,5,286258,2.0,60.0
user_1304,365.5366666666667,3,8651,1.0,66.67
user_1305,187.51999999999998,2,9233,1.0,50.0
user_1306,1715.6133333333335,3,10640,1.0,66.67
user_1307,257.5025,4,9323,1.0,75.0
user_1308,273.25428571428574,7,917497,2.0,71.43
user_1309,2800.6925,4,430298,1.0,75.0
user_1310,813.57,1,4905,0.0,100.0
user_1311,266.77,3,171133,1.0,66.67
user_1312,389.005,4,16421,0.0,100.0
user_1313,240.42000000000002,2,6617,1.0,50.0
user_1314,361.694,5,484212,0.0,100.0
user_1315,408.096,5,25805,1.0,80.0
user_1316,197.14000000000001,6,117659,0.0,100.0
user_1317,673.5725,4,23491,1.0,75.0
user_1318,337.1725,4,228315,1.0,75.0
user_1319,582.22,2,8428,1.0,50.0
user_1320,473.6,2,8136,0.0,100.0
user_1321,554.13,2,7330,0.0,100.0
user_1322,338.03000000000003,4,25864,1.0,75.0
user_1323,250.305,4,300934,3.0,25.0
user_1324,338.178,5,355798,0.0,100.0
user_1325,240.08666666666667,3,423909,1.0,66.67
user_1326,1578.8328571428574,7,867691,1.0,85.71
user_1327,446.26,3,124283,0.0,100.0
user_1328,14.68,1,302751,0.0,100.0
user_1329,132.35,2,225057,1.0,50.0
user_1330,313.88666666666666,3,11679,1.0,66.67
user_1331,481.17499999999995,4,14614,0.0,100.0
user_1332,210.06799999999998,5,326708,1.0,80.0
user_1333,5538.838000000001,5,639492,4.0,20.0
user_1334,3266.055,2,4162,2.0,0.0
user_1335,184.875,2,7652,0.0,100.0
user_1336,170.65,1,6255,0.0,100.0
user_1337,254.0825,4,22813,0.0,100.0
user_1338,290.428,5,351146,1.0,80.0
user_1339,4451.775,2,11459,0.0,100.0
user_1340,268.53000000000003,5,18815,0.0,100.0
user_1341,166.1575,4,48107,0.0,100.0
user_1342,230.17000000000002,4,17418,1.0,75.0
user_1343,270.22,3,16173,0.0,100.0
user_1344,156.714,5,144928,0.0,100.0
user_1345,235.96666666666667,3,14136,0.0,100.0
user_1346,151.90666666666667,6,593890,2.0,66.67
user_1347,314.425,4,13646,1.0,75.0
user_1348,244.97,4,10640,0.0,100.0
user_1349,212.68666666666664,3,8205,0.0,100.0
user_1351,379.3233333333333,3,126516,0.0,100.0
user_1352,824.1474999999999,4,381670,1.0,75.0
user_1353,353.92249999999996,4,26112,3.0,25.0
user_1354,708.375,2,11826,0.0,100.0
user_1355,552.2166666666667,3,404477,1.0,66.67
user_1356,634.5999999999999,2,4319,0.0,100.0
user_1357,135.92333333333335,3,172266,0.0,100.0
user_1358,139.20333333333335,3,554535,1.0,66.67
user_1359,177.08333333333334,3,361075,1.0,66.67
user_1360,328.45,3,10280,0.0,100.0
user_1361,156.94333333333333,3,54720,0.0,100.0
user_1362,532.8025,8,272991,3.0,62.5
user_1363,306.8625,4,16086,0.0,100.0
user_1364,396.3385714285714,7,640986,1.0,85.71
user_1365,634.24,2,8690,0.0,100.0
user_1366,325.915,2,7262,0.0,100.0
user_1367,1229.4766666666667,3,5356,2.0,33.33
user_1368,220.96833333333333,6,24841,1.0,83.33
user_1369,220.96428571428572,7,846559,3.0,57.14
user_1370,320.21666666666664,3,143492,2.0,33.33
user_1371,684.6333333333333,3,19962,0.0,100.0
user_1372,197.76999999999998,3,347304,2.0,33.33
user_1373,302.21,3,162067,1.0,66.67
user_1374,248.36666666666667,3,8053,1.0,66.67
user_1375,334.17571428571426,7,682887,1.0,85.71
user_1376,331.985,2,12892,0.0,100.0
user_1377,3226.22,2,9165,0.0,100.0
user_1378,873.115,4,6559,0.0,100.0
user_1379,563.0616666666666,6,78958,2.0,66.67
user_1380,223.51857142857142,7,36057,1.0,85.71
user_1381,103.03800000000001,5,911096,0.0,100.0
user_1382,509.5275,4,418620,1.0,75.0
user_1383,394.36,2,6753,1.0,50.0
user_1384,195.67333333333332,3,412915,1.0,66.67
user_1385,202.36,2,7076,0.0,100.0
user_1386,231.14499999999998,2,9430,0.0,100.0
user_1387,637.125,2,6488,0.0,100.0
user_1388,114.04,1,4375,0.0,100.0
user_1389,127.44800000000001,5,386305,0.0,100.0
user_1390,605.3100000000001,2,11494,0.0,100.0
user_1391,145.275,2,7828,0.0,100.0
user_1392,610.626,5,15642,0.0,100.0
user_1393,145.35,5,437608,1.0,80.0
user_1394,696.74,1,5616,0.0,100.0
user_1395,215.055,2,2988,1.0,50.0
user_1396,225.4033333333333,3,15329,1.0,66.67
user_1397,294.5671428571428,7,959264,2.0,71.43
user_1398,181.36333333333334,3,10415,2.0,33.33
user_1399,175.35750000000002,4,380843,2.0,50.0
user_1400,18.59,2,483260,0.0,100.0
user_1401,453.31,4,88478,0.0,100.0
user_1402,2317.93,3,7574,1.0,66.67
user_1403,510.5133333333333,3,45947,0.0,100.0
user_1404,100.59,4,632059,0.0,100.0
user_1405,114.88,2,11281,0.0,100.0
user_1406,512.2333333333333,3,14797,1.0,66.67
user_1407,360.7114285714286,7,455980,3.0,57.14
user_1408,280.366,5,15703,3.0,40.0
user_1409,678.67,3,8325,1.0,66.67
user_1410,297.13666666666666,3,14688,1.0,66.67
user_1411,468.0833333333333,3,304299,0.0,100.0
user_1412,271.79333333333335,3,14337,0.0,100.0
user_1413,87.78999999999999,2,72936,2.0,0.0
user_1414,289.668,5,457914,1.0,80.0
user_1415,469.635,2,13357,0.0,100.0
user_1416,583.51,2,4514,1.0,50.0
user_1417,352.77666666666664,3,334616,0.0,100.0
user_1418,82.245,2,6831,0.0,100.0
user_1419,195.1,2,160411,1.0,50.0
user_1420,219.37999999999997,3,13747,0.0,100.0
user_1421,299.87333333333333,3,8157,1.0,66.67
user_1422,241.1425,4,14572,1.0,75.0
user_1423,309.73999999999995,5,16893,1.0,80.0
user_1424,149.42000000000002,5,500483,1.0,80.0
user_1425,319.015,2,10476,0.0,100.0
user_1426,45.1275,4,1119425,0.0,100.0
user_1427,525.08,2,326856,0.0,100.0
user_1428,151.48000000000002,2,4552,0.0,100.0
user_1429,279.0733333333333,3,5196,1.0,66.67
user_1430,338.34000000000003,4,270656,3.0,25.0
user_1431,45.839999999999996,2,538971,0.0,100.0
user_1432,309.89166666666665,6,19349,1.0,83.33
user_1433,323.846,5,22547,0.0,100.0
user_1434,271.9866666666667,3,14335,1.0,66.67
user_1435,367.70666666666665,3,8153,1.0,66.67
user_1436,406.205,2,231989,0.0,100.0
user_1437,500.6366666666666,3,17006,0.0,100.0
user_1438,29.98,1,424894,0.0,100.0
user_1439,296.64,2,4784,1.0,50.0
user_1440,224.11333333333334,3,17432,1.0,66.67
user_1441,201.57999999999998,2,12425,0.0,100.0
user_1442,224.58666666666667,3,9472,0.0,100.0
user_1443,270.66333333333336,3,15635,0.0,100.0
user_1444,163.96,1,6184,0.0,100.0
user_1445,190.57666666666668,3,114296,1.0,66.67
user_1446,216.55666666666664,3,11450,2.0,33.33
user_1448,131.4475,4,428878,2.0,50.0
user_1450,246.07000000000002,2,155578,0.0,100.0
user_1451,365.96000000000004,2,7064,0.0,100.0
user_1452,285.21,1,4794,0.0,100.0
user_1453,602.222857142857,7,33156,2.0,71.43
user_1454,225.29000000000002,2,223704,0.0,100.0
user_1455,443.33666666666664,3,13835,1.0,66.67
user_1456,281.97666666666663,3,310488,1.0,66.67
user_1457,188.53666666666666,6,298546,1.0,83.33
user_1458,553.9525,4,18150,0.0,100.0
user_1459,148.2475,4,18507,0.0,100.0
user_1460,67.95,2,423238,0.0,100.0
user_1461,315.94,1,3100,1.0,0.0
user_1462,282.3225,4,943404,3.0,25.0
user_1463,362.53,1,864,0.0,100.0
user_1464,344.67,1,1338,0.0,100.0
user_1465,166.135,4,385545,0.0,100.0
user_1466,247.32,4,15991,1.0,75.0
user_1467,496.026,5,18737,0.0,100.0
user_1468,344.81666666666666,3,7501,0.0,100.0
user_1469,117.76666666666667,3,419285,1.0,66.67
user_1470,210.465,2,7243,1.0,50.0
user_1471,1010.815,2,2480,0.0,100.0
user_1472,341.54285714285714,7,599165,2.0,71.43
user_1473,632.82,1,6461,0.0,100.0
user_1474,189.4775,4,617283,0.0,100.0
user_1475,196.98,4,13220,0.0,100.0
user_1476,97.05499999999999,2,347225,0.0,100.0
user_1477,522.145,2,10138,0.0,100.0
user_1478,241.1016666666667,6,306878,3.0,50.0
user_1479,922.7,1,2430,0.0,100.0
user_1480,680.43,3,9925,1.0,66.67
user_1483,408.26,2,4858,0.0,100.0
user_1484,137.33666666666667,3,677156,1.0,66.67
user_1485,1106.35,2,8964,0.0,100.0
user_1486,350.565,4,442354,1.0,75.0
user_1487,343.56,3,5628,1.0,66.67
user_1488,1720.39,5,47483,2.0,60.0
user_1489,220.515,2,7236,1.0,50.0
user_1490,460.31800000000004,5,14273,1.0,80.0
user_1491,179.108,5,210287,0.0,100.0
user_1493,696.83,6,24800,2.0,66.67
user_1494,474.97,1,1169,1.0,0.0
user_1495,928.95,1,7210,0.0,100.0
user_1496,270.945,2,15628,0.0,100.0
user_1497,437.9483333333333,6,682377,1.0,83.33
user_1498,301.66875,8,27899,3.0,62.5
user_1499,316.815,4,12810,3.0,25.0
user_1500,1334.5724999999998,4,7372,2.0,50.0
user_1501,368.856,5,23256,3.0,40.0
user_1502,168.098,5,115026,1.0,80.0
user_1503,29.36,1,106899,0.0,100.0
user_1504,289.54,1,2146,0.0,100.0
user_1505,329.83,1,4086,0.0,100.0
user_1506,75.00999999999999,2,417586,0.0,100.0
user_1507,787.0133333333333,6,57821,2.0,66.67
user_1508,401.845,4,19330,0.0,100.0
user_1509,1880.7649999999999,4,222092,1.0,75.0
user_1510,289.11,1,1495,1.0,0.0
user_1511,235.72600000000003,5,604192,2.0,60.0
user_1512,269.78333333333336,3,7228,1.0,66.67
user_1513,228.6875,4,17001,1.0,75.0
user_1514,307.8375,4,51851,1.0,75.0
user_1515,644.88,3,9276,1.0,66.67
user_1516,328.49333333333334,3,15943,0.0,100.0
user_1517,705.118,5,284624,1.0,80.0
user_1518,223.35714285714286,7,27902,2.0,71.43
user_1519,194.73200000000003,5,621445,0.0,100.0
user_1520,518.83,2,7129,1.0,50.0
user_1521,630.095,2,9352,0.0,100.0
user_1522,466.85249999999996,4,20363,0.0,100.0
user_1523,410.50333333333333,3,351576,0.0,100.0
user_1524,208.775,2,285261,0.0,100.0
user_1525,83.735,2,10044,0.0,100.0
user_1526,366.71000000000004,6,218772,1.0,83.33
user_1527,162.79333333333335,3,380835,0.0,100.0
user_1528,194.56,1,6432,0.0,100.0
user_1529,90.25,1,8164,0.0,100.0
user_1530,99.11,1,1054,0.0,100.0
user_1532,184.552,5,410026,3.0,40.0
user_1533,293.37,4,320584,0.0,100.0
user_1534,359.29749999999996,12,318446,3.0,75.0
user_1535,337.7366666666667,3,34950,1.0,66.67
user_1537,432.4440000000001,5,5228,3.0,40.0
user_1538,220.29000000000002,4,519004,0.0,100.0
user_1539,490.6475,4,11738,1.0,75.0
user_1540,654.715,2,7691,2.0,0.0
user_1541,32.3,1,330460,0.0,100.0
user_1542,103.45666666666666,3,431780,2.0,33.33
user_1543,763.78,1,5607,0.0,100.0
user_1544,455.588,5,9425,3.0,40.0
user_1545,226.255,6,649216,0.0,100.0
user_1546,209.06142857142854,7,403711,0.0,100.0
user_1547,147.27333333333334,3,75648,0.0,100.0
user_1548,536.7166666666667,3,12361,1.0,66.67
user_1549,294.76,2,10392,0.0,100.0
user_1550,273.406,5,13133,3.0,40.0
user_1551,325.715,4,9380,1.0,75.0
user_1552,407.685,2,357343,1.0,50.0
user_1553,76.13,2,347188,0.0,100.0
user_1554,134.518,5,59482,2.0,60.0
user_1555,140.1,3,97890,0.0,100.0
user_1556,349.5125,4,20586,0.0,100.0
user_1557,547.89,2,7822,1.0,50.0
user_1558,242.51999999999998,4,19186,1.0,75.0
user_1559,275.8825,4,406837,1.0,75.0
user_1560,306.88,1,6969,0.0,100.0
user_1561,581.195,2,11483,1.0,50.0
user_1562,257.28000000000003,4,12340,1.0,75.0
user_1563,274.98333333333335,6,734730,5.0,16.67
user_1564,76.92333333333333,3,249771,0.0,100.0
user_1565,1265.0159999999998,5,650455,1.0,80.0
user_1566,136.035,4,804390,0.0,100.0
user_1567,163.71,3,250784,0.0,100.0
user_1568,525.838,5,176524,2.0,60.0
user_1569,486.98249999999996,4,30699,0.0,100.0
user_1570,196.52499999999998,2,73707,1.0,50.0
user_1571,164.7,2,4471,0.0,100.0
user_1572,164.03,2,11889,0.0,100.0
user_1573,4687.123333333334,3,333859,2.0,33.33
user_1574,283.70500000000004,2,8912,0.0,100.0
user_1575,287.34000000000003,7,29064,0.0,100.0
user_1576,163.18333333333334,3,16100,0.0,100.0
user_1577,1098.0600000000002,5,515955,1.0,80.0
user_1578,193.72666666666666,3,364554,1.0,66.67
user_1579,2771.72,3,753161,1.0,66.67
user_1580,329.635,6,658964,1.0,83.33
user_1581,375.14000000000004,3,8862,1.0,66.67
user_1582,456.0016666666667,6,196317,2.0,66.67
user_1584,49.27,1,288761,0.0,100.0
user_1585,213.4125,4,249650,1.0,75.0
user_1586,149.37166666666667,6,368530,1.0,83.33
user_1587,463.21500000000003,4,15602,1.0,75.0
user_1588,1535.7916666666667,6,410253,3.0,50.0
user_1589,155.065,4,799944,2.0,50.0
user_1590,275.925,2,10131,0.0,100.0
user_1591,147.08666666666667,3,17755,1.0,66.67
user_1592,185.9225,4,469347,3.0,25.0
user_1593,221.50333333333333,3,12468,0.0,100.0
user_1594,1036.9466666666667,3,7004,1.0,66.67
user_1595,422.98749999999995,4,13877,0.0,100.0
user_1596,275.065,2,1383,2.0,0.0
user_1597,521.2133333333334,3,10909,0.0,100.0
user_1598,824.595,4,97489,1.0,75.0
user_1599,317.32000000000005,2,36594,1.0,50.0
user_1600,195.152,5,274498,3.0,40.0
user_1601,201.26999999999998,2,46574,0.0,100.0
user_1602,170.48,3,17400,0.0,100.0
user_1603,203.91000000000003,4,103645,0.0,100.0
user_1604,248.72,3,145672,1.0,66.67
user_1606,184.5625,4,256701,1.0,75.0
user_1608,682.64,1,2975,0.0,100.0
user_1609,242.51999999999998,2,324473,1.0,50.0
user_1611,139.71333333333334,3,393523,2.0,33.33
user_1612,304.996,5,186570,1.0,80.0
user_1613,348.62600000000003,5,270355,0.0,100.0
user_1614,812.0025,4,22629,0.0,100.0
user_1615,500.765,4,13716,1.0,75.0
user_1616,375.97333333333336,3,271210,1.0,66.67
user_1617,364.44666666666666,3,149942,0.0,100.0
user_1618,480.68,6,261401,1.0,83.33
user_1619,142.52333333333334,3,8180,1.0,66.67
user_1620,135.1275,4,288787,3.0,25.0
user_1621,282.37666666666667,3,7125,0.0,100.0
user_1622,141.345,2,12545,0.0,100.0
user_1623,186.595,2,457393,1.0,50.0
user_1624,263.26000000000005,3,796766,0.0,100.0
user_1625,4036.765,2,2164,1.0,50.0
user_1626,313.11625000000004,8,30494,2.0,75.0
user_1627,1443.494,5,420960,2.0,60.0
user_1628,190.975,2,5844,2.0,0.0
user_1629,233.18,1,2938,0.0,100.0
user_1630,689.015,2,11263,0.0,100.0
user_1631,958.8336363636364,11,301709,3.0,72.73
user_1632,135.0,5,465236,1.0,80.0
user_1633,622.78,3,16887,0.0,100.0
user_1634,208.475,2,459114,0.0,100.0
user_1635,240.35,2,10701,0.0,100.0
user_1636,199.79,4,17681,1.0,75.0
user_1637,1496.591666666667,6,480846,2.0,66.67
user_1638,1534.21,4,217304,1.0,75.0
user_1639,341.36,1,2588,0.0,100.0
user_1640,442.18666666666667,3,14672,0.0,100.0
user_1641,169.705,2,504605,0.0,100.0
user_1642,189.42600000000002,5,628336,0.0,100.0
user_1643,305.645,6,21097,1.0,83.33
user_1644,228.04,2,3021,1.0,50.0
user_1645,311.966,5,310477,1.0,80.0
user_1646,342.01,1,5462,0.0,100.0
user_1647,840.175,4,11344,2.0,50.0
user_1648,289.7975,4,447248,0.0,100.0
user_1649,118.6,5,344363,3.0,40.0
user_1650,172.04,2,8750,0.0,100.0
user_1651,1313.0520000000001,5,18024,2.0,60.0
user_1652,390.6366666666666,3,16237,0.0,100.0
user_1653,308.1,3,438640,0.0,100.0
user_1654,415.88,4,348681,0.0,100.0
user_1655,178.498,5,496004,1.0,80.0
user_1657,230.26,3,12724,0.0,100.0
user_1658,358.2966666666666,3,12548,0.0,100.0
user_1659,305.135,6,32705,1.0,83.33
user_1660,276.57,2,14420,0.0,100.0
user_1661,107.24000000000001,3,443692,1.0,66.67
user_1662,189.58333333333334,3,6074,1.0,66.67
user_1663,137.91,4,390329,2.0,50.0
user_1664,157.11,1,3955,0.0,100.0
user_1665,443.22249999999997,4,20842,1.0,75.0
user_1666,245.6575,4,9967,1.0,75.0
user_1667,383.1133333333334,6,75229,1.0,83.33
user_1668,71.765,4,884862,0.0,100.0
user_1670,431.3833333333334,3,342927,1.0,66.67
user_1671,3254.2799999999997,2,510501,1.0,50.0
user_1672,173.8075,4,15114,1.0,75.0
user_1673,314.82,5,454157,1.0,80.0
user_1674,417.64750000000004,4,20419,0.0,100.0
user_1676,285.15,4,261923,2.0,50.0
user_1677,194.25333333333333,3,10951,0.0,100.0
user_1678,68.53,1,2906,0.0,100.0
user_1679,193.75,2,320005,1.0,50.0
user_1680,622.4599999999999,2,8731,0.0,100.0
user_1681,402.605,6,215262,1.0,83.33
user_1682,342.495,4,495857,0.0,100.0
user_1683,1593.3166666666666,3,5565,2.0,33.33
user_1684,106.33875,8,667026,4.0,50.0
user_1685,229.356,5,331434,4.0,20.0
user_1686,378.35,1,766,0.0,100.0
user_1687,314.814,5,428481,3.0,40.0
user_1688,264.3775,4,11428,1.0,75.0
user_1689,224.35,3,244019,0.0,100.0
user_1690,253.52666666666667,6,28303,0.0,100.0
user_1691,410.32000000000005,2,511619,0.0,100.0
user_1692,335.59,1,7799,0.0,100.0
user_1694,329.76,1,1067,0.0,100.0
user_1695,1334.4833333333333,6,49213,2.0,66.67
user_1697,209.28,1,2502,0.0,100.0
user_1698,301.476,5,517328,1.0,80.0
user_1699,169.15833333333333,6,8561,2.0,66.67
user_1700,273.606,5,45451,1.0,80.0
user_1701,243.065,4,22856,0.0,100.0
user_1702,205.55,4,817691,1.0,75.0
user_1703,189.9975,4,196503,1.0,75.0
user_1704,304.41999999999996,5,223201,2.0,60.0
user_1705,219.054,5,20167,2.0,60.0
user_1706,42.03,1,229395,0.0,100.0
user_1707,247.5,1,1404,1.0,0.0
user_1708,525.78,2,415520,0.0,100.0
user_1709,168.5,4,12896,1.0,75.0
user_1710,313.985,4,10762,2.0,50.0
user_1711,296.4766666666667,3,15689,2.0,33.33
user_1712,147.23,1,785,1.0,0.0
user_1713,786.5224999999999,4,12172,1.0,75.0
user_1714,628.235,2,11310,0.0,100.0
user_1715,104.64,3,177088,0.0,100.0
user_1716,2795.15,2,4986,1.0,50.0
user_1717,277.375,2,12406,0.0,100.0
user_1718,1538.616,5,9191,2.0,60.0
user_1719,96.11500000000001,2,447626,0.0,100.0
user_1720,478.21000000000004,3,14615,0.0,100.0
user_1721,249.87,4,25237,1.0,75.0
user_1723,202.29500000000002,2,11237,1.0,50.0
user_1724,320.54333333333335,3,8749,1.0,66.67
user_1725,91.625,2,137856,0.0,100.0
user_1726,233.29,3,17176,1.0,66.67
user_1727,499.3725,4,9589,2.0,50.0
user_1728,89.47,1,6465,0.0,100.0
user_1729,210.76,4,15234,0.0,100.0
user_1730,440.39500000000004,4,19839,0.0,100.0
user_1731,59.96,1,459868,0.0,100.0
user_1732,201.84,2,10411,1.0,50.0
user_1733,399.50333333333333,3,12285,0.0,100.0
user_1734,338.48249999999996,4,51019,0.0,100.0
user_1735,211.32,1,5761,0.0,100.0
user_1736,176.54857142857142,7,222739,2.0,71.43
user_1737,192.2328571428571,7,237177,2.0,71.43
user_1738,217.76666666666665,3,17800,0.0,100.0
user_1739,239.61,2,9716,0.0,100.0
user_1740,137.455,2,3375,0.0,100.0
user_1741,138.92333333333332,3,17164,0.0,100.0
user_1742,358.82,3,13396,0.0,100.0
user_1743,175.04,4,16590,2.0,50.0
user_1744,287.7675,4,13459,0.0,100.0
user_1745,247.805,4,469913,3.0,25.0
user_1747,224.45,2,3269,0.0,100.0
user_1748,2678.2766666666666,3,14424,1.0,66.67
user_1749,371.34,1,966,1.0,0.0
user_1750,152.91500000000002,4,88505,2.0,50.0
user_1751,118.17,1,631,0.0,100.0
user_1752,122.9125,4,243214,0.0,100.0
user_1753,2852.9733333333334,3,85064,0.0,100.0
user_1754,239.44000000000003,6,1000693,3.0,50.0
user_1755,1848.4524999999999,4,15234,1.0,75.0
user_1756,52.22,1,4020,0.0,100.0
user_1757,296.23,3,14008,0.0,100.0
user_1759,52.25,1,3662,0.0,100.0
user_1760,258.94124999999997,8,531237,3.0,62.5
user_1761,553.3633333333333,3,7368,1.0,66.67
user_1762,136.575,4,392980,1.0,75.0
user_1763,326.2725,4,14246,1.0,75.0
user_1764,241.02999999999997,3,8833,1.0,66.67
user_1765,1971.845,2,2208,2.0,0.0
user_1766,1714.0633333333333,6,281846,2.0,66.67
user_1767,247.16,2,7944,1.0,50.0
user_1768,321.125,2,415647,0.0,100.0
user_1769,437.2366666666667,3,6058,0.0,100.0
user_1770,320.5375,4,12462,0.0,100.0
user_1771,92.77333333333333,3,348471,2.0,33.33
user_1772,284.84000000000003,7,93886,2.0,71.43
user_1773,269.79,6,21046,2.0,66.67
user_1774,324.71666666666664,6,405548,2.0,66.67
user_1775,413.14,2,89412,0.0,100.0
user_1776,294.085,6,341364,1.0,83.33
user_1777,329.68,3,10270,0.0,100.0
user_1778,238.35,3,17755,1.0,66.67
user_1779,181.24333333333334,3,222427,1.0,66.67
user_1780,274.915,4,14292,1.0,75.0
user_1781,1392.565,2,7230,1.0,50.0
user_1782,270.7475,4,299490,0.0,100.0
user_1783,138.4925,4,15477,0.0,100.0
user_1784,152.1725,4,846991,4.0,0.0
user_1785,175.455,4,14722,1.0,75.0
user_1786,961.035,2,6961,1.0,50.0
user_1787,1087.68,4,384191,2.0,50.0
user_1788,391.9325,4,304369,1.0,75.0
user_1789,147.89666666666668,3,13317,0.0,100.0
user_1790,228.82666666666668,3,467956,1.0,66.67
user_1791,588.688,5,18462,2.0,60.0
user_1792,219.4875,4,14066,1.0,75.0
user_1793,1563.93,6,19199,1.0,83.33
user_1794,321.804,5,16411,2.0,60.0
user_1795,125.24,1,6239,1.0,0.0
user_1796,1054.2366666666667,3,461756,0.0,100.0
user_1797,2827.57,2,2581,1.0,50.0
user_1798,256.6425,4,14564,1.0,75.0
user_1799,392.8033333333333,3,11451,2.0,33.33
user_1800,114.6,2,297283,1.0,50.0
user_1801,170.47333333333333,3,10393,2.0,33.33
user_1802,215.06,2,12180,0.0,100.0
user_1803,271.01,2,11254,0.0,100.0
user_1804,2168.21,3,2804,1.0,66.67
user_1805,217.724,5,451487,1.0,80.0
user_1806,159.27,3,261742,0.0,100.0
user_1807,131.40333333333334,3,8666,0.0,100.0
user_1808,394.9119999999999,5,13473,0.0,100.0
user_1809,314.905,2,3932,1.0,50.0
user_1810,232.68,1,2409,0.0,100.0
user_1812,342.2957142857143,7,265586,1.0,85.71
user_1813,167.5475,4,865065,2.0,50.0
user_1814,323.74,2,5560,2.0,0.0
user_1815,240.8275,4,17141,0.0,100.0
user_1816,346.88545454545454,11,716792,4.0,63.64
user_1817,661.65,2,15687,1.0,50.0
user_1819,229.10999999999999,3,9061,0.0,100.0
user_1820,264.82,2,2372,0.0,100.0
user_1821,257.065,2,4119,0.0,100.0
user_1822,295.17,4,15931,1.0,75.0
user_1823,270.4066666666667,3,17460,0.0,100.0
user_1824,673.71,3,461691,0.0,100.0
user_1825,280.22,2,9095,1.0,50.0
user_1826,177.45,4,196735,0.0,100.0
user_1827,440.56,3,4224,0.0,100.0
user_1828,216.10000000000002,3,10921,1.0,66.67
user_1829,409.1233333333334,3,14517,0.0,100.0
user_1830,926.57,5,587213,1.0,80.0
user_1831,223.56199999999998,5,232809,0.0,100.0
user_1832,173.9025,4,22510,1.0,75.0
user_1833,3525.78,1,673,1.0,0.0
user_1834,56.51,1,228488,0.0,100.0
user_1835,2694.395,2,25645,2.0,0.0
user_1836,270.59,2,289655,1.0,50.0
user_1837,308.382,5,79868,2.0,60.0
user_1838,580.9142857142857,7,165724,3.0,57.14
user_1839,468.02714285714285,7,19522,1.0,85.71
user_1840,71.63,1,194551,0.0,100.0
user_1841,989.742,5,105104,1.0,80.0
user_1842,420.2833333333333,3,424498,0.0,100.0
user_1843,873.9500000000002,3,6745,0.0,100.0
user_1844,169.48250000000002,4,16597,1.0,75.0
user_1845,264.7825,4,982619,0.0,100.0
user_1846,415.05499999999995,4,18809,1.0,75.0
user_1848,62.28,1,191848,0.0,100.0
user_1849,339.48999999999995,7,456092,2.0,71.43
user_1850,273.19666666666666,3,9765,1.0,66.67
user_1851,421.40250000000003,4,17945,2.0,50.0
user_1852,390.81,1,8063,0.0,100.0
user_1853,346.502,5,416561,1.0,80.0
user_1854,156.025,2,273806,0.0,100.0
user_1855,313.65,1,816,0.0,100.0
user_1856,333.195,6,409068,1.0,83.33
user_1857,554.9875,4,18486,1.0,75.0
user_1858,893.9075,4,37896,1.0,75.0
user_1859,217.685,2,173168,0.0,100.0
user_1860,521.5999999999999,4,24344,0.0,100.0
user_1861,668.9633333333333,3,11214,0.0,100.0
user_1862,2629.63,3,2740,1.0,66.67
user_1863,108.39750000000001,4,444698,0.0,100.0
user_1864,871.4,2,13383,0.0,100.0
user_1865,225.405,4,129431,0.0,100.0
user_1866,272.085,2,10034,0.0,100.0
user_1867,340.23333333333335,6,484675,1.0,83.33
user_1868,524.0319999999999,5,26927,0.0,100.0
user_1869,809.27,4,183570,0.0,100.0
user_1870,465.26,1,206,1.0,0.0
user_1871,214.81666666666663,3,84315,1.0,66.67
user_1872,271.58000000000004,5,643265,0.0,100.0
user_1873,228.2375,8,29608,2.0,75.0
user_1874,99.16,1,1277,0.0,100.0
user_1875,1288.1000000000001,6,24262,3.0,50.0
user_1876,369.054,5,12765,0.0,100.0
user_1877,239.15,3,15069,1.0,66.67
user_1878,380.9633333333333,3,9365,1.0,66.67
user_1879,196.5942857142857,7,938172,0.0,100.0
user_1880,1122.94,1,3930,0.0,100.0
user_1881,278.5733333333333,3,5380,2.0,33.33
user_1882,223.61666666666665,3,412479,0.0,100.0
user_1883,264.79,3,18779,0.0,100.0
user_1884,407.1771428571428,7,355846,2.0,71.43
user_1885,251.898,5,394295,4.0,20.0
user_1886,263.84,1,5641,0.0,100.0
user_1887,920.808,5,237540,2.0,60.0
user_1888,265.8066666666667,3,7895,3.0,0.0
user_1890,149.8325,4,570118,0.0,100.0
user_1891,174.8166666666667,3,227929,0.0,100.0
user_1892,258.804,5,249244,1.0,80.0
user_1893,1095.7775,4,10692,1.0,75.0
user_1894,232.415,2,4558,1.0,50.0
user_1895,205.745,2,13180,0.0,100.0
user_1896,264.5566666666667,3,7970,2.0,33.33
user_1897,290.85,4,13150,1.0,75.0
user_1898,61.39,1,7830,1.0,0.0
user_1899,334.795,4,204385,0.0,100.0
user_1900,55.78,1,393329,0.0,100.0
user_1901,395.694,5,190253,0.0,100.0
user_1902,202.102,5,5876,2.0,60.0
user_1903,108.12,2,6867,0.0,100.0
user_1904,169.94000000000003,3,16620,0.0,100.0
user_1905,263.5625,8,259184,0.0,100.0
user_1906,167.26,3,32312,0.0,100.0
user_1907,265.89666666666665,3,6083,1.0,66.67
user_1908,310.97,1,6961,0.0,100.0
user_1909,225.455,2,301549,1.0,50.0
user_1910,313.305,6,429683,4.0,33.33
user_1911,476.855,2,10174,0.0,100.0
user_1912,246.32333333333335,3,378178,0.0,100.0
user_1913,145.03,1,1973,0.0,100.0
user_1914,208.32,2,114337,1.0,50.0
user_1915,343.655,2,2924,1.0,50.0
user_1916,315.4,1,7379,0.0,100.0
user_1917,1116.165,2,11789,0.0,100.0
user_1918,267.34666666666664,3,16960,0.0,100.0
user_1920,160.21,2,204584,1.0,50.0
user_1921,840.12,1,1964,0.0,100.0
user_1922,501.78999999999996,2,85772,1.0,50.0
user_1923,143.28500000000003,2,211870,0.0,100.0
user_1924,210.61999999999998,2,62708,1.0,50.0
user_1925,161.6725,4,756853,2.0,50.0
user_1926,365.48,3,18731,0.0,100.0
user_1927,275.44,1,4010,0.0,100.0
user_1928,218.19666666666663,3,5110,0.0,100.0
user_1929,273.31,2,9416,1.0,50.0
user_1931,188.44,2,12619,0.0,100.0
user_1932,200.1933333333333,3,25117,0.0,100.0
user_1933,732.2333333333335,3,16546,0.0,100.0
user_1934,142.57666666666668,3,39408,1.0,66.67
user_1935,157.805,2,9777,0.0,100.0
user_1936,260.23333333333335,3,188172,1.0,66.67
user_1937,187.12400000000002,5,469624,2.0,60.0
user_1938,410.0725,4,370719,2.0,50.0
user_1939,486.515,2,8799,0.0,100.0
user_1940,1647.4166666666667,3,16778,1.0,66.67
user_1941,3456.975,2,465487,2.0,0.0
user_1942,173.89,2,2927,0.0,100.0
user_1943,196.08714285714288,7,892991,1.0,85.71
user_1944,195.64875,8,1022993,3.0,62.5
user_1945,361.28499999999997,2,8605,1.0,50.0
user_1946,252.91500000000002,2,13113,1.0,50.0
user_1947,713.745,2,9658,0.0,100.0
user_1948,336.2477777777778,9,55212,4.0,55.56
user_1949,286.29125,8,578877,3.0,62.5
user_1950,242.65,5,391014,1.0,80.0
user_1951,533.1875,4,10523,1.0,75.0
user_1952,137.815,2,8170,0.0,100.0
user_1953,265.40333333333336,3,24038,1.0,66.67
user_1954,193.3,2,11344,0.0,100.0
user_1955,359.36,2,11745,0.0,100.0
user_1956,141.84,3,650240,0.0,100.0
user_1957,6333.04,2,11416,0.0,100.0
user_1958,768.47,1,1369,0.0,100.0
user_1959,589.8433333333334,3,88591,0.0,100.0
user_1960,471.03,3,10859,0.0,100.0
user_1961,262.74,3,16601,0.0,100.0
user_1962,224.6875,4,14932,0.0,100.0
user_1963,171.88,4,300622,2.0,50.0
user_1965,260.435,4,9451,2.0,50.0
user_1966,128.18,2,96093,1.0,50.0
user_1967,1310.8560000000002,5,455988,1.0,80.0
user_1968,228.8575,4,16935,0.0,100.0
user_1969,130.334,5,29109,1.0,80.0
user_1970,79.925,2,400464,0.0,100.0
user_1972,189.208,5,527322,2.0,60.0
user_1973,352.7475,4,393798,0.0,100.0
user_1974,52.0,1,443541,0.0,100.0
user_1975,244.97333333333333,3,13008,0.0,100.0
user_1976,114.57499999999999,2,515157,0.0,100.0
user_1977,159.29666666666665,3,337507,1.0,66.67
user_1978,1435.8200000000002,4,330496,2.0,50.0
user_1979,345.135,2,6425,1.0,50.0
user_1980,352.79,2,1221,1.0,50.0
user_1981,170.91,3,497107,1.0,66.67
user_1982,2065.5750000000003,6,15078,2.0,66.67
user_1983,75.96000000000001,5,25268,1.0,80.0
user_1984,3035.705,2,240993,1.0,50.0
user_1985,326.66,1,4190,0.0,100.0
user_1986,243.07,4,8294,0.0,100.0
user_1987,430.19666666666666,3,8358,1.0,66.67
user_1988,245.83200000000002,5,26055,0.0,100.0
user_1989,627.855,2,6567,1.0,50.0
user_1990,208.315,2,4624,1.0,50.0
user_1991,264.27,3,225247,0.0,100.0
user_1992,263.51,3,11538,1.0,66.67
user_1993,518.0266666666666,3,13899,1.0,66.67
user_1994,293.23,1,1042,1.0,0.0
user_1995,1114.41,6,20706,1.0,83.33
user_1996,212.28333333333333,3,372880,2.0,33.33
user_1997,207.19999999999996,3,446159,0.0,100.0
user_1998,558.99,3,441844,1.0,66.67
user_1999,308.36,3,6408,0.0,100.0
user_2000,310.2233333333333,3,18858,1.0,66.67
